Format Version,1.22,Take Name,Turn left 90 ws 2019-04-15 08.05.32 PM_002,Capture Frame Rate,120,Export Frame Rate,120,Capture Start Time,2019-04-15 08.06.12.331 下午,Total Frames in Take,493,Total Exported Frames,493,Rotation Type,XYZ,Length Units,Millimeters,Coordinate Space,Glob,,Marker,Marker,Marker,Marker,Marker,Marker,Marker,Marker,Marker,Marker,Marker,Marker
,,LTip,LTip,LTip,Trunk Front,Trunk Front,Trunk Front,RTip,RTip,RTip,Trunk Back,Trunk Back,Trunk Back,,,,,,,,,,,,,,,,,,,
,,C90F0,C90F0,C90F0,C9110,C9110,C9110,C9120,C9120,C9120,C9160,C9160,C9160,,,,,,,,,,,,,,,,,,,
,,Position,Position,Position,Position,Position,Position,Position,Position,Position,Position,Position,Position,,,,,,,,,,,,,,,,,,,
Frame,Time (Seconds),X,Y,Z,X,Y,Z,X,Y,Z,X,Y,Z,,,,,,,,,,,,,,,,,,,
0,0,-1012.007385,323.784363,1507.994995,-1139.970215,1207.627808,1712.00415,-1299.068115,304.200928,1556.783569,-1140.325684,1197.157715,1446.853638,,,,,,,,,,,,,,,,,,,
1,0.008333,-1012.060974,323.765381,1507.970703,-1139.889648,1207.680054,1712.487549,-1298.984009,304.264587,1556.899658,-1139.99292,1196.965332,1447.267334,,,,,,,,,,,,,,,,,,,
2,0.016667,-1012.110352,323.749054,1507.945801,-1139.810913,1207.732666,1712.969849,-1298.900146,304.328827,1557.01416,-1139.660156,1196.77356,1447.68042,,,,,,,,,,,,,,,,,,,
3,0.025,-1012.152222,323.737427,1507.920288,-1139.73584,1207.785645,1713.449829,-1298.816772,304.394135,1557.125366,-1139.327148,1196.58313,1448.092529,,,,,,,,,,,,,,,,,,,
4,0.033333,-1012.185547,323.731445,1507.894897,-1139.665527,1207.839233,1713.926636,-1298.734253,304.460754,1557.232056,-1138.994629,1196.395142,1448.502686,,,,,,,,,,,,,,,,,,,
5,0.041667,-1012.210266,323.731567,1507.870728,-1139.600952,1207.893433,1714.39917,-1298.653198,304.528656,1557.332886,-1138.662476,1196.210205,1448.910522,,,,,,,,,,,,,,,,,,,
6,0.05,-1012.226929,323.737915,1507.849365,-1139.543335,1207.948364,1714.866699,-1298.574585,304.597443,1557.426758,-1138.331665,1196.028931,1449.31543,,,,,,,,,,,,,,,,,,,
7,0.058333,-1012.236694,323.750244,1507.832642,-1139.493042,1208.00354,1715.328247,-1298.498657,304.667084,1557.51355,-1138.002441,1195.851929,1449.717773,,,,,,,,,,,,,,,,,,,
8,0.066667,-1012.240662,323.768311,1507.822388,-1139.45105,1208.058716,1715.782837,-1298.424561,304.738281,1557.594971,-1137.675537,1195.679443,1450.117676,,,,,,,,,,,,,,,,,,,
9,0.075,-1012.240173,323.791687,1507.820313,-1139.418335,1208.113647,1716.229858,-1298.351563,304.811859,1557.673218,-1137.351807,1195.511597,1450.515259,,,,,,,,,,,,,,,,,,,
10,0.083333,-1012.236572,323.819946,1507.827881,-1139.395752,1208.168213,1716.669189,-1298.278809,304.888184,1557.750366,-1137.032227,1195.349121,1450.910034,,,,,,,,,,,,,,,,,,,
11,0.091667,-1012.231018,323.85257,1507.846436,-1139.383545,1208.222412,1717.100342,-1298.206177,304.966614,1557.827515,-1136.718384,1195.192261,1451.301514,,,,,,,,,,,,,,,,,,,
12,0.1,-1012.22406,323.889282,1507.877319,-1139.381958,1208.275757,1717.522827,-1298.134155,305.045624,1557.905518,-1136.411133,1195.041626,1451.688354,,,,,,,,,,,,,,,,,,,
13,0.108333,-1012.216797,323.929962,1507.921387,-1139.390747,1208.328491,1717.936279,-1298.06311,305.123566,1557.985107,-1136.111816,1194.897949,1452.07019,,,,,,,,,,,,,,,,,,,
14,0.116667,-1012.209412,323.974457,1507.979126,-1139.40918,1208.379883,1718.339844,-1297.99353,305.199799,1558.066406,-1135.820679,1194.760986,1452.446655,,,,,,,,,,,,,,,,,,,
15,0.125,-1012.202515,324.022888,1508.051147,-1139.436401,1208.429565,1718.73291,-1297.925293,305.274414,1558.150146,-1135.538086,1194.631348,1452.817261,,,,,,,,,,,,,,,,,,,
16,0.133333,-1012.196045,324.075317,1508.137207,-1139.471313,1208.477173,1719.115234,-1297.859131,305.347015,1558.23645,-1135.264771,1194.508545,1453.181885,,,,,,,,,,,,,,,,,,,
17,0.141667,-1012.190002,324.131836,1508.237061,-1139.513428,1208.522339,1719.48645,-1297.79541,305.416229,1558.325073,-1135.001221,1194.392578,1453.539795,,,,,,,,,,,,,,,,,,,
18,0.15,-1012.184387,324.192444,1508.349976,-1139.561768,1208.564819,1719.846802,-1297.735474,305.480774,1558.414795,-1134.748169,1194.283081,1453.890503,,,,,,,,,,,,,,,,,,,
19,0.158333,-1012.17865,324.256897,1508.475586,-1139.616455,1208.60498,1720.196899,-1297.680176,305.540344,1558.504761,-1134.505981,1194.179688,1454.233643,,,,,,,,,,,,,,,,,,,
20,0.166667,-1012.172913,324.324677,1508.612915,-1139.677246,1208.642334,1720.537354,-1297.629883,305.595337,1558.59436,-1134.27478,1194.081665,1454.569092,,,,,,,,,,,,,,,,,,,
21,0.175,-1012.16748,324.394928,1508.760864,-1139.744385,1208.67749,1720.868652,-1297.584351,305.646912,1558.683228,-1134.054199,1193.988281,1454.896973,,,,,,,,,,,,,,,,,,,
22,0.183333,-1012.162903,324.466522,1508.918701,-1139.817993,1208.710449,1721.19165,-1297.543213,305.696686,1558.771484,-1133.843628,1193.899048,1455.217773,,,,,,,,,,,,,,,,,,,
23,0.191667,-1012.161133,324.537872,1509.084961,-1139.897827,1208.740967,1721.506592,-1297.50708,305.746307,1558.857544,-1133.642578,1193.813477,1455.532104,,,,,,,,,,,,,,,,,,,
24,0.2,-1012.163879,324.607452,1509.258667,-1139.984009,1208.769043,1721.814087,-1297.476685,305.796631,1558.939697,-1133.450317,1193.730957,1455.840454,,,,,,,,,,,,,,,,,,,
25,0.208333,-1012.173157,324.674011,1509.438232,-1140.076294,1208.794434,1722.114258,-1297.452393,305.8479,1559.016846,-1133.266235,1193.651489,1456.143433,,,,,,,,,,,,,,,,,,,
26,0.216667,-1012.190796,324.736542,1509.622192,-1140.174438,1208.81665,1722.407593,-1297.43457,305.899933,1559.088623,-1133.089844,1193.574585,1456.440796,,,,,,,,,,,,,,,,,,,
27,0.225,-1012.217773,324.794617,1509.808716,-1140.278076,1208.835083,1722.69458,-1297.423706,305.95163,1559.154175,-1132.921021,1193.499878,1456.733032,,,,,,,,,,,,,,,,,,,
28,0.233333,-1012.25293,324.848602,1509.995972,-1140.387329,1208.849487,1722.975708,-1297.421631,306.001801,1559.211426,-1132.759277,1193.427368,1457.02002,,,,,,,,,,,,,,,,,,,
29,0.241667,-1012.294556,324.899323,1510.182007,-1140.501831,1208.859131,1723.251587,-1297.429932,306.049622,1559.258057,-1132.604614,1193.356567,1457.302246,,,,,,,,,,,,,,,,,,,
30,0.25,-1012.340576,324.947601,1510.365601,-1140.621948,1208.86377,1723.522217,-1297.449463,306.094513,1559.292969,-1132.456177,1193.287231,1457.579834,,,,,,,,,,,,,,,,,,,
31,0.258333,-1012.389648,324.993835,1510.545898,-1140.747803,1208.863281,1723.788086,-1297.480713,306.136414,1559.314453,-1132.313477,1193.21936,1457.853882,,,,,,,,,,,,,,,,,,,
32,0.266667,-1012.441284,325.038269,1510.721924,-1140.879883,1208.857666,1724.049316,-1297.523438,306.175262,1559.321533,-1132.176025,1193.152588,1458.124878,,,,,,,,,,,,,,,,,,,
33,0.275,-1012.49469,325.080872,1510.893555,-1141.018677,1208.847412,1724.30603,-1297.577637,306.211487,1559.312866,-1132.042969,1193.087036,1458.393311,,,,,,,,,,,,,,,,,,,
34,0.283333,-1012.5495,325.121735,1511.060547,-1141.164307,1208.833008,1724.557861,-1297.642822,306.245453,1559.287109,-1131.91394,1193.022949,1458.659424,,,,,,,,,,,,,,,,,,,
35,0.291667,-1012.60553,325.160919,1511.222778,-1141.317505,1208.815308,1724.805054,-1297.718262,306.277679,1559.243042,-1131.788574,1192.960693,1458.922852,,,,,,,,,,,,,,,,,,,
36,0.3,-1012.662415,325.198517,1511.380127,-1141.478638,1208.795166,1725.047363,-1297.803345,306.308777,1559.180176,-1131.666748,1192.901123,1459.183105,,,,,,,,,,,,,,,,,,,
37,0.308333,-1012.719727,325.234741,1511.532837,-1141.648071,1208.773315,1725.284424,-1297.896851,306.338989,1559.098511,-1131.54834,1192.844971,1459.439209,,,,,,,,,,,,,,,,,,,
38,0.316667,-1012.777344,325.269714,1511.68103,-1141.826172,1208.75,1725.516235,-1297.99707,306.36853,1558.999146,-1131.43335,1192.792725,1459.690186,,,,,,,,,,,,,,,,,,,
39,0.325,-1012.834656,325.303558,1511.825439,-1142.013184,1208.725952,1725.741821,-1298.101929,306.397247,1558.885254,-1131.321655,1192.745483,1459.935913,,,,,,,,,,,,,,,,,,,
40,0.333333,-1012.891296,325.336365,1511.966553,-1142.209106,1208.70105,1725.961182,-1298.209106,306.424774,1558.760376,-1131.213013,1192.703369,1460.175659,,,,,,,,,,,,,,,,,,,
41,0.341667,-1012.946594,325.368195,1512.105103,-1142.413696,1208.675171,1726.173462,-1298.316162,306.450623,1558.628418,-1131.107422,1192.666382,1460.409546,,,,,,,,,,,,,,,,,,,
42,0.35,-1013,325.399109,1512.241699,-1142.627075,1208.648315,1726.378418,-1298.421997,306.474304,1558.492554,-1131.004028,1192.634766,1460.637939,,,,,,,,,,,,,,,,,,,
43,0.358333,-1013.051147,325.428925,1512.376587,-1142.848633,1208.619995,1726.575195,-1298.525635,306.495117,1558.355469,-1130.902466,1192.608032,1460.861206,,,,,,,,,,,,,,,,,,,
44,0.366667,-1013.099304,325.457581,1512.509888,-1143.078003,1208.589722,1726.762939,-1298.626465,306.51239,1558.21936,-1130.802002,1192.585571,1461.079834,,,,,,,,,,,,,,,,,,,
45,0.375,-1013.143921,325.484772,1512.641846,-1143.314941,1208.557007,1726.941406,-1298.723633,306.525146,1558.086792,-1130.702637,1192.567139,1461.294067,,,,,,,,,,,,,,,,,,,
46,0.383333,-1013.184448,325.510284,1512.771851,-1143.55957,1208.52124,1727.110229,-1298.816528,306.532471,1557.959961,-1130.60376,1192.551758,1461.503906,,,,,,,,,,,,,,,,,,,
47,0.391667,-1013.220337,325.533783,1512.899658,-1143.811768,1208.4823,1727.269287,-1298.904663,306.533478,1557.840942,-1130.505493,1192.539185,1461.708984,,,,,,,,,,,,,,,,,,,
48,0.4,-1013.251404,325.554718,1513.025024,-1144.071167,1208.439575,1727.418457,-1298.987671,306.527466,1557.731445,-1130.407837,1192.528931,1461.908691,,,,,,,,,,,,,,,,,,,
49,0.408333,-1013.277649,325.57254,1513.147583,-1144.337646,1208.393311,1727.557739,-1299.064941,306.513947,1557.632446,-1130.311279,1192.52063,1462.102173,,,,,,,,,,,,,,,,,,,
50,0.416667,-1013.300415,325.586304,1513.267456,-1144.610474,1208.343262,1727.687744,-1299.136841,306.492676,1557.544556,-1130.216064,1192.513794,1462.288452,,,,,,,,,,,,,,,,,,,
51,0.425,-1013.321533,325.594879,1513.384155,-1144.889893,1208.289551,1727.80835,-1299.203735,306.463837,1557.467529,-1130.122803,1192.508179,1462.466797,,,,,,,,,,,,,,,,,,,
52,0.433333,-1013.342957,325.597046,1513.497925,-1145.175537,1208.2323,1727.920044,-1299.26709,306.427795,1557.400269,-1130.031616,1192.503052,1462.636475,,,,,,,,,,,,,,,,,,,
53,0.441667,-1013.365845,325.592285,1513.608643,-1145.467529,1208.171631,1728.022827,-1299.328857,306.385498,1557.339966,-1129.942749,1192.497681,1462.796997,,,,,,,,,,,,,,,,,,,
54,0.45,-1013.389709,325.580688,1513.716431,-1145.765503,1208.107788,1728.116577,-1299.391357,306.337952,1557.283203,-1129.856323,1192.491821,1462.948242,,,,,,,,,,,,,,,,,,,
55,0.458333,-1013.413696,325.562744,1513.820801,-1146.06958,1208.041016,1728.201538,-1299.457275,306.286377,1557.227051,-1129.772461,1192.484619,1463.089478,,,,,,,,,,,,,,,,,,,
56,0.466667,-1013.436646,325.539398,1513.921509,-1146.378662,1207.971924,1728.277466,-1299.527832,306.231812,1557.168823,-1129.690796,1192.475952,1463.220581,,,,,,,,,,,,,,,,,,,
57,0.475,-1013.457397,325.511688,1514.018188,-1146.692139,1207.900513,1728.344116,-1299.604248,306.175201,1557.106812,-1129.611328,1192.465454,1463.341431,,,,,,,,,,,,,,,,,,,
58,0.483333,-1013.475525,325.480499,1514.110718,-1147.009033,1207.827393,1728.401367,-1299.687134,306.117401,1557.039917,-1129.533813,1192.453247,1463.452393,,,,,,,,,,,,,,,,,,,
59,0.491667,-1013.491028,325.446533,1514.198608,-1147.328125,1207.753052,1728.449219,-1299.776733,306.059082,1556.967285,-1129.457886,1192.439575,1463.553101,,,,,,,,,,,,,,,,,,,
60,0.5,-1013.503906,325.410583,1514.281982,-1147.648438,1207.677979,1728.487549,-1299.872437,306.000793,1556.888428,-1129.382935,1192.424683,1463.644043,,,,,,,,,,,,,,,,,,,
61,0.508333,-1013.514771,325.373138,1514.360718,-1147.969482,1207.602783,1728.516357,-1299.973511,305.942688,1556.804443,-1129.308716,1192.40918,1463.725586,,,,,,,,,,,,,,,,,,,
62,0.516667,-1013.523926,325.334778,1514.434326,-1148.290405,1207.528076,1728.535767,-1300.078125,305.884705,1556.716675,-1129.234497,1192.393799,1463.797974,,,,,,,,,,,,,,,,,,,
63,0.525,-1013.531555,325.296021,1514.503052,-1148.611084,1207.454468,1728.545776,-1300.184204,305.826782,1556.627563,-1129.159912,1192.379395,1463.861694,,,,,,,,,,,,,,,,,,,
64,0.533333,-1013.53833,325.257172,1514.566528,-1148.93103,1207.382324,1728.546753,-1300.289795,305.768738,1556.53894,-1129.084106,1192.366699,1463.917236,,,,,,,,,,,,,,,,,,,
65,0.541667,-1013.544556,325.218658,1514.624756,-1149.25,1207.312012,1728.538818,-1300.393311,305.710632,1556.451538,-1129.006226,1192.356689,1463.964844,,,,,,,,,,,,,,,,,,,
66,0.55,-1013.550537,325.180603,1514.677612,-1149.567505,1207.243896,1728.522705,-1300.494385,305.652832,1556.365601,-1128.925537,1192.350342,1464.005005,,,,,,,,,,,,,,,,,,,
67,0.558333,-1013.556824,325.143188,1514.725342,-1149.883057,1207.178345,1728.498901,-1300.592529,305.59552,1556.281006,-1128.841309,1192.348511,1464.037842,,,,,,,,,,,,,,,,,,,
68,0.566667,-1013.563782,325.106506,1514.768066,-1150.196655,1207.115356,1728.46814,-1300.687866,305.539063,1556.196777,-1128.752319,1192.351807,1464.063965,,,,,,,,,,,,,,,,,,,
69,0.575,-1013.571716,325.070587,1514.806396,-1150.508179,1207.055298,1728.431152,-1300.780396,305.483887,1556.112549,-1128.658081,1192.361084,1464.083374,,,,,,,,,,,,,,,,,,,
70,0.583333,-1013.581421,325.035431,1514.840698,-1150.817627,1206.998169,1728.388184,-1300.870361,305.430267,1556.026855,-1128.557861,1192.376709,1464.096558,,,,,,,,,,,,,,,,,,,
71,0.591667,-1013.593079,325.001099,1514.871338,-1151.125488,1206.944092,1728.339844,-1300.958008,305.37854,1555.938477,-1128.45105,1192.398926,1464.10376,,,,,,,,,,,,,,,,,,,
72,0.6,-1013.607117,324.967621,1514.899048,-1151.431763,1206.892822,1728.286133,-1301.043213,305.328888,1555.846191,-1128.337769,1192.427734,1464.105225,,,,,,,,,,,,,,,,,,,
73,0.608333,-1013.62384,324.93515,1514.92395,-1151.737305,1206.844482,1728.227417,-1301.126343,305.281311,1555.749023,-1128.217773,1192.462769,1464.101685,,,,,,,,,,,,,,,,,,,
74,0.616667,-1013.643372,324.903687,1514.946533,-1152.04187,1206.798462,1728.163818,-1301.207275,305.235809,1555.64624,-1128.091187,1192.503662,1464.093262,,,,,,,,,,,,,,,,,,,
75,0.625,-1013.665771,324.873474,1514.967407,-1152.345947,1206.754517,1728.095459,-1301.286499,305.192078,1555.537231,-1127.957886,1192.549438,1464.080078,,,,,,,,,,,,,,,,,,,
76,0.633333,-1013.690857,324.844513,1514.987061,-1152.64917,1206.712646,1728.022583,-1301.36438,305.149689,1555.421631,-1127.818359,1192.599487,1464.062378,,,,,,,,,,,,,,,,,,,
77,0.641667,-1013.718384,324.816681,1515.006348,-1152.951904,1206.672241,1727.945068,-1301.442017,305.108032,1555.299194,-1127.672363,1192.652832,1464.039551,,,,,,,,,,,,,,,,,,,
78,0.65,-1013.748047,324.789764,1515.025635,-1153.254761,1206.632813,1727.863037,-1301.519775,305.066467,1555.17041,-1127.520264,1192.708374,1464.011475,,,,,,,,,,,,,,,,,,,
79,0.658333,-1013.779541,324.763519,1515.045898,-1153.557983,1206.594116,1727.776489,-1301.59729,305.023956,1555.037109,-1127.362427,1192.765381,1463.977661,,,,,,,,,,,,,,,,,,,
80,0.666667,-1013.812317,324.737518,1515.068115,-1153.862549,1206.55542,1727.685425,-1301.67395,304.979645,1554.901489,-1127.199585,1192.822632,1463.937988,,,,,,,,,,,,,,,,,,,
81,0.675,-1013.845947,324.711365,1515.092529,-1154.169067,1206.516357,1727.589966,-1301.749634,304.932709,1554.765747,-1127.031982,1192.879395,1463.89209,,,,,,,,,,,,,,,,,,,
82,0.683333,-1013.879761,324.684601,1515.120117,-1154.477905,1206.476807,1727.490234,-1301.823608,304.88269,1554.63147,-1126.86084,1192.935059,1463.839844,,,,,,,,,,,,,,,,,,,
83,0.691667,-1013.913513,324.656921,1515.151123,-1154.789307,1206.436279,1727.386353,-1301.895874,304.829437,1554.500122,-1126.686157,1192.989258,1463.781616,,,,,,,,,,,,,,,,,,,
84,0.7,-1013.946655,324.628174,1515.185791,-1155.103149,1206.394531,1727.278809,-1301.966187,304.77298,1554.373047,-1126.508545,1193.041382,1463.717529,,,,,,,,,,,,,,,,,,,
85,0.708333,-1013.978699,324.598114,1515.224365,-1155.419922,1206.351563,1727.167725,-1302.034302,304.71344,1554.251465,-1126.328735,1193.091431,1463.648071,,,,,,,,,,,,,,,,,,,
86,0.716667,-1014.009583,324.566589,1515.266724,-1155.739746,1206.306763,1727.052979,-1302.099731,304.651001,1554.136353,-1126.146973,1193.139404,1463.573975,,,,,,,,,,,,,,,,,,,
87,0.725,-1014.039063,324.533447,1515.313232,-1156.063232,1206.260132,1726.934692,-1302.162109,304.585785,1554.029297,-1125.963867,1193.185425,1463.495972,,,,,,,,,,,,,,,,,,,
88,0.733333,-1014.066956,324.498535,1515.363892,-1156.390503,1206.21106,1726.812866,-1302.220947,304.517761,1553.931885,-1125.780518,1193.229736,1463.415039,,,,,,,,,,,,,,,,,,,
89,0.741667,-1014.093018,324.461609,1515.418823,-1156.722168,1206.159668,1726.687622,-1302.275635,304.446777,1553.845947,-1125.597534,1193.272217,1463.331787,,,,,,,,,,,,,,,,,,,
90,0.75,-1014.117249,324.422516,1515.478149,-1157.057861,1206.105835,1726.55957,-1302.325562,304.372589,1553.774048,-1125.416016,1193.312866,1463.24707,,,,,,,,,,,,,,,,,,,
91,0.758333,-1014.139282,324.380859,1515.542236,-1157.397339,1206.04895,1726.429077,-1302.369873,304.294617,1553.718994,-1125.237061,1193.351685,1463.161377,,,,,,,,,,,,,,,,,,,
92,0.766667,-1014.15918,324.336517,1515.61145,-1157.740845,1205.989014,1726.296875,-1302.407471,304.212158,1553.68457,-1125.061646,1193.387939,1463.075073,,,,,,,,,,,,,,,,,,,
93,0.775,-1014.176514,324.289307,1515.685425,-1158.088135,1205.925171,1726.163452,-1302.4375,304.124207,1553.674805,-1124.890503,1193.421631,1462.988647,,,,,,,,,,,,,,,,,,,
94,0.783333,-1014.190796,324.239075,1515.764771,-1158.439575,1205.857666,1726.029785,-1302.458496,304.029572,1553.69458,-1124.724243,1193.452271,1462.902344,,,,,,,,,,,,,,,,,,,
95,0.791667,-1014.202026,324.185852,1515.849121,-1158.79541,1205.785767,1725.896118,-1302.469238,303.92688,1553.749634,-1124.563843,1193.479248,1462.816528,,,,,,,,,,,,,,,,,,,
96,0.8,-1014.209534,324.129547,1515.938232,-1159.155762,1205.709229,1725.763306,-1302.468018,303.814514,1553.846436,-1124.409668,1193.502563,1462.731689,,,,,,,,,,,,,,,,,,,
97,0.808333,-1014.213074,324.070221,1516.031982,-1159.521362,1205.628296,1725.632446,-1302.453369,303.690826,1553.992798,-1124.262695,1193.521729,1462.648682,,,,,,,,,,,,,,,,,,,
98,0.816667,-1014.212341,324.007721,1516.129395,-1159.892456,1205.542725,1725.504395,-1302.423462,303.554077,1554.197144,-1124.123413,1193.536743,1462.568359,,,,,,,,,,,,,,,,,,,
99,0.825,-1014.207214,323.942108,1516.229492,-1160.269897,1205.452759,1725.380493,-1302.377197,303.402588,1554.469238,-1123.99292,1193.547607,1462.492188,,,,,,,,,,,,,,,,,,,
100,0.833333,-1014.197937,323.873322,1516.331177,-1160.654419,1205.359131,1725.261963,-1302.313232,303.234558,1554.819092,-1123.871826,1193.554565,1462.421631,,,,,,,,,,,,,,,,,,,
101,0.841667,-1014.18457,323.801331,1516.433472,-1161.047363,1205.262207,1725.149902,-1302.230713,303.048065,1555.257324,-1123.761353,1193.558105,1462.358521,,,,,,,,,,,,,,,,,,,
102,0.85,-1014.167908,323.726349,1516.535156,-1161.450073,1205.162476,1725.046021,-1302.129761,302.841217,1555.793701,-1123.662231,1193.55896,1462.30481,,,,,,,,,,,,,,,,,,,
103,0.858333,-1014.148621,323.648804,1516.635376,-1161.863525,1205.060669,1724.951904,-1302.010986,302.612061,1556.43689,-1123.575439,1193.557983,1462.262939,,,,,,,,,,,,,,,,,,,
104,0.866667,-1014.127625,323.56955,1516.734253,-1162.289185,1204.956909,1724.869141,-1301.876099,302.358795,1557.192383,-1123.501831,1193.55603,1462.235229,,,,,,,,,,,,,,,,,,,
105,0.875,-1014.106262,323.489532,1516.831665,-1162.728149,1204.851196,1724.799561,-1301.727295,302.080109,1558.061401,-1123.441528,1193.553833,1462.223877,,,,,,,,,,,,,,,,,,,
106,0.883333,-1014.085388,323.410034,1516.928467,-1163.182373,1204.742798,1724.744507,-1301.567749,301.775452,1559.038818,-1123.39563,1193.552002,1462.230835,,,,,,,,,,,,,,,,,,,
107,0.891667,-1014.066101,323.33194,1517.026245,-1163.653687,1204.630615,1724.705444,-1301.401611,301.445587,1560.111938,-1123.364746,1193.550781,1462.257446,,,,,,,,,,,,,,,,,,,
108,0.9,-1014.049072,323.25592,1517.12793,-1164.143921,1204.512695,1724.683228,-1301.233032,301.09259,1561.258911,-1123.349487,1193.550293,1462.304565,,,,,,,,,,,,,,,,,,,
109,0.908333,-1014.034851,323.182068,1517.237549,-1164.654297,1204.386841,1724.678711,-1301.067017,300.720276,1562.450562,-1123.351929,1193.550049,1462.37207,,,,,,,,,,,,,,,,,,,
110,0.916667,-1014.024048,323.110168,1517.360596,-1165.185669,1204.250488,1724.692749,-1300.908203,300.333984,1563.6521,-1123.373535,1193.549805,1462.459229,,,,,,,,,,,,,,,,,,,
111,0.925,-1014.016724,323.039581,1517.503906,-1165.738403,1204.101563,1724.72522,-1300.761963,299.940247,1564.826904,-1123.416138,1193.54895,1462.564575,,,,,,,,,,,,,,,,,,,
112,0.933333,-1014.013428,322.969818,1517.675781,-1166.312012,1203.939087,1724.776611,-1300.633667,299.546356,1565.938232,-1123.4823,1193.547607,1462.686523,,,,,,,,,,,,,,,,,,,
113,0.941667,-1014.014465,322.900543,1517.885376,-1166.904663,1203.762573,1724.846802,-1300.528809,299.159546,1566.954346,-1123.573975,1193.546387,1462.823242,,,,,,,,,,,,,,,,,,,
114,0.95,-1014.020447,322.831726,1518.143188,-1167.51416,1203.572998,1724.936157,-1300.451782,298.786194,1567.850708,-1123.692871,1193.546997,1462.973389,,,,,,,,,,,,,,,,,,,
115,0.958333,-1014.031677,322.763672,1518.460571,-1168.136963,1203.372437,1725.044189,-1300.40625,298.431305,1568.611084,-1123.840576,1193.551514,1463.13562,,,,,,,,,,,,,,,,,,,
116,0.966667,-1014.047852,322.697327,1518.850586,-1168.769531,1203.163818,1725.171875,-1300.394775,298.098328,1569.228516,-1124.018066,1193.56311,1463.309814,,,,,,,,,,,,,,,,,,,
117,0.975,-1014.068481,322.633728,1519.326782,-1169.407471,1202.950439,1725.319702,-1300.419189,297.78949,1569.702637,-1124.225952,1193.584717,1463.495972,,,,,,,,,,,,,,,,,,,
118,0.983333,-1014.092224,322.574524,1519.904541,-1170.047241,1202.735596,1725.48877,-1300.481567,297.506134,1570.038574,-1124.464355,1193.619629,1463.695679,,,,,,,,,,,,,,,,,,,
119,0.991667,-1014.116882,322.521484,1520.599487,-1170.684814,1202.521606,1725.680054,-1300.583252,297.248688,1570.245605,-1124.733398,1193.670654,1463.910767,,,,,,,,,,,,,,,,,,,
120,1,-1014.139893,322.476379,1521.428345,-1171.316528,1202.310547,1725.894409,-1300.725464,297.016724,1570.335083,-1125.032349,1193.739746,1464.144897,,,,,,,,,,,,,,,,,,,
121,1.008333,-1014.158142,322.440918,1522.408325,-1171.938965,1202.103149,1726.13269,-1300.908569,296.808929,1570.319458,-1125.359985,1193.828125,1464.4021,,,,,,,,,,,,,,,,,,,
122,1.016667,-1014.168518,322.416687,1523.556519,-1172.549316,1201.898438,1726.395264,-1301.13147,296.623566,1570.211426,-1125.714355,1193.936279,1464.687012,,,,,,,,,,,,,,,,,,,
123,1.025,-1014.167786,322.405548,1524.889771,-1173.144653,1201.694702,1726.682129,-1301.392578,296.458252,1570.023682,-1126.092163,1194.063232,1465.004272,,,,,,,,,,,,,,,,,,,
124,1.033333,-1014.152405,322.409882,1526.424561,-1173.722534,1201.488647,1726.994019,-1301.688843,296.310364,1569.767822,-1126.490234,1194.20752,1465.358887,,,,,,,,,,,,,,,,,,,
125,1.041667,-1014.119141,322.432739,1528.174927,-1174.28064,1201.275879,1727.331177,-1302.016968,296.176941,1569.453613,-1126.904419,1194.366943,1465.75415,,,,,,,,,,,,,,,,,,,
126,1.05,-1014.064453,322.47821,1530.153809,-1174.817261,1201.051147,1727.694214,-1302.374146,296.055054,1569.088745,-1127.330688,1194.538086,1466.192993,,,,,,,,,,,,,,,,,,,
127,1.058333,-1013.985291,322.551422,1532.372314,-1175.32959,1200.80835,1728.083008,-1302.757568,295.9422,1568.678223,-1127.765503,1194.717163,1466.67627,,,,,,,,,,,,,,,,,,,
128,1.066667,-1013.878845,322.658508,1534.839966,-1175.814697,1200.541992,1728.497803,-1303.166138,295.836456,1568.225098,-1128.205688,1194.89978,1467.203369,,,,,,,,,,,,,,,,,,,
129,1.075,-1013.743164,322.806793,1537.564331,-1176.269409,1200.246216,1728.937744,-1303.598877,295.736847,1567.730347,-1128.648682,1195.081543,1467.771484,,,,,,,,,,,,,,,,,,,
130,1.083333,-1013.576599,323.004913,1540.550537,-1176.689453,1199.91626,1729.402832,-1304.054565,295.642914,1567.195557,-1129.092285,1195.258789,1468.376099,,,,,,,,,,,,,,,,,,,
131,1.091667,-1013.377441,323.263031,1543.802002,-1177.071045,1199.548706,1729.892456,-1304.531128,295.554932,1566.624146,-1129.535767,1195.42749,1469.010742,,,,,,,,,,,,,,,,,,,
132,1.1,-1013.143311,323.592987,1547.318726,-1177.410278,1199.141846,1730.40686,-1305.025757,295.473236,1566.020386,-1129.978516,1195.585693,1469.667969,,,,,,,,,,,,,,,,,,,
133,1.108333,-1012.872314,324.007568,1551.098145,-1177.702393,1198.695557,1730.945923,-1305.5354,295.398071,1565.389893,-1130.420776,1195.731567,1470.34021,,,,,,,,,,,,,,,,,,,
134,1.116667,-1012.562256,324.519989,1555.13562,-1177.943481,1198.21167,1731.509888,-1306.056274,295.329529,1564.740112,-1130.863037,1195.86438,1471.020874,,,,,,,,,,,,,,,,,,,
135,1.125,-1012.211548,325.143127,1559.424927,-1178.129028,1197.69397,1732.098877,-1306.582642,295.267731,1564.080078,-1131.305664,1195.984497,1471.704468,,,,,,,,,,,,,,,,,,,
136,1.133333,-1011.81842,325.889069,1563.957153,-1178.255615,1197.147949,1732.713623,-1307.109375,295.212219,1563.419556,-1131.749146,1196.093872,1472.387451,,,,,,,,,,,,,,,,,,,
137,1.141667,-1011.381531,326.768219,1568.722046,-1178.320313,1196.581055,1733.355591,-1307.630493,295.162445,1562.768066,-1132.193115,1196.195313,1473.068604,,,,,,,,,,,,,,,,,,,
138,1.15,-1010.89917,327.78833,1573.706787,-1178.322021,1196.001465,1734.027222,-1308.140381,295.118195,1562.135498,-1132.636719,1196.292603,1473.74939,,,,,,,,,,,,,,,,,,,
139,1.158333,-1010.370239,328.953613,1578.89624,-1178.260742,1195.418579,1734.731201,-1308.632568,295.079834,1561.531128,-1133.078247,1196.390015,1474.434082,,,,,,,,,,,,,,,,,,,
140,1.166667,-1009.794128,330.263977,1584.273071,-1178.137939,1194.842285,1735.470947,-1309.10144,295.048248,1560.963623,-1133.515625,1196.491821,1475.12915,,,,,,,,,,,,,,,,,,,
141,1.175,-1009.170654,331.714661,1589.817749,-1177.956299,1194.281738,1736.249756,-1309.541504,295.02478,1560.439575,-1133.946777,1196.601807,1475.842773,,,,,,,,,,,,,,,,,,,
142,1.183333,-1008.500427,333.296539,1595.508911,-1177.720215,1193.744995,1737.071777,-1309.947876,295.010895,1559.965454,-1134.370239,1196.723511,1476.583862,,,,,,,,,,,,,,,,,,,
143,1.191667,-1007.784119,334.996552,1601.324951,-1177.434448,1193.239258,1737.941162,-1310.315918,295.007874,1559.546265,-1134.7854,1196.858521,1477.361572,,,,,,,,,,,,,,,,,,,
144,1.2,-1007.022034,336.798309,1607.244629,-1177.10498,1192.769165,1738.862671,-1310.641602,295.016785,1559.186279,-1135.192505,1197.008057,1478.184814,,,,,,,,,,,,,,,,,,,
145,1.208333,-1006.21405,338.682465,1613.248535,-1176.738281,1192.338257,1739.840942,-1310.920532,295.038208,1558.889282,-1135.592407,1197.171387,1479.0625,,,,,,,,,,,,,,,,,,,
146,1.216667,-1005.359314,340.627472,1619.319702,-1176.341553,1191.947144,1740.880859,-1311.148438,295.072144,1558.658569,-1135.986816,1197.347046,1480.003174,,,,,,,,,,,,,,,,,,,
147,1.225,-1004.456055,342.609833,1625.443726,-1175.921387,1191.594604,1741.986572,-1311.321533,295.118286,1558.496704,-1136.376709,1197.532349,1481.015259,,,,,,,,,,,,,,,,,,,
148,1.233333,-1003.502258,344.604828,1631.609741,-1175.484863,1191.278076,1743.162476,-1311.437134,295.175812,1558.404785,-1136.76355,1197.723389,1482.106445,,,,,,,,,,,,,,,,,,,
149,1.241667,-1002.494812,346.587097,1637.809448,-1175.037964,1190.993408,1744.411987,-1311.493896,295.243591,1558.383057,-1137.148193,1197.91626,1483.283813,,,,,,,,,,,,,,,,,,,
150,1.25,-1001.430969,348.53186,1644.035889,-1174.585815,1190.735596,1745.738281,-1311.49231,295.320038,1558.431152,-1137.530151,1198.107056,1484.552979,,,,,,,,,,,,,,,,,,,
151,1.258333,-1000.307922,350.416077,1650.284058,-1174.132568,1190.498535,1747.144287,-1311.435181,295.403015,1558.547607,-1137.909302,1198.291748,1485.918335,,,,,,,,,,,,,,,,,,,
152,1.266667,-999.123169,352.219055,1656.549438,-1173.681519,1190.276367,1748.633057,-1311.327271,295.490173,1558.731201,-1138.283813,1198.467041,1487.383057,,,,,,,,,,,,,,,,,,,
153,1.275,-997.875061,353.923157,1662.827759,-1173.234253,1190.062378,1750.206299,-1311.175171,295.579163,1558.980103,-1138.652466,1198.629761,1488.949341,,,,,,,,,,,,,,,,,,,
154,1.283333,-996.562683,355.513611,1669.115112,-1172.791138,1189.850342,1751.866455,-1310.987183,295.667694,1559.291992,-1139.013672,1198.777344,1490.618286,,,,,,,,,,,,,,,,,,,
155,1.291667,-995.185852,356.978119,1675.407471,-1172.351563,1189.634155,1753.614868,-1310.771973,295.75412,1559.66394,-1139.365234,1198.907227,1492.390137,,,,,,,,,,,,,,,,,,,
156,1.3,-993.74469,358.30661,1681.700684,-1171.91394,1189.408447,1755.452881,-1310.537842,295.837189,1560.091309,-1139.704834,1199.017822,1494.264893,,,,,,,,,,,,,,,,,,,
157,1.308333,-992.239197,359.490875,1687.991821,-1171.475708,1189.168091,1757.381348,-1310.29248,295.91626,1560.569092,-1140.029541,1199.1073,1496.241943,,,,,,,,,,,,,,,,,,,
158,1.316667,-990.669678,360.524628,1694.278076,-1171.032959,1188.909302,1759.401123,-1310.040771,295.99118,1561.092407,-1140.33606,1199.174316,1498.32019,,,,,,,,,,,,,,,,,,,
159,1.325,-989.036499,361.403503,1700.557129,-1170.581177,1188.62854,1761.512817,-1309.785767,296.062286,1561.656128,-1140.620483,1199.21814,1500.498047,,,,,,,,,,,,,,,,,,,
160,1.333333,-987.340515,362.124969,1706.826782,-1170.115601,1188.323242,1763.717163,-1309.529053,296.130127,1562.254272,-1140.878174,1199.238647,1502.773682,,,,,,,,,,,,,,,,,,,
161,1.341667,-985.583557,362.688629,1713.084961,-1169.630493,1187.990845,1766.01416,-1309.271118,296.195526,1562.880981,-1141.104492,1199.236084,1505.144531,,,,,,,,,,,,,,,,,,,
162,1.35,-983.768433,363.095886,1719.329224,-1169.119995,1187.629883,1768.404175,-1309.011719,296.259521,1563.530396,-1141.293945,1199.21106,1507.608032,,,,,,,,,,,,,,,,,,,
163,1.358333,-981.899292,363.349945,1725.557495,-1168.578491,1187.238647,1770.887329,-1308.750122,296.323334,1564.197754,-1141.441772,1199.163818,1510.161743,,,,,,,,,,,,,,,,,,,
164,1.366667,-979.981323,363.455627,1731.767456,-1168.000854,1186.81665,1773.463867,-1308.485596,296.388397,1564.879395,-1141.543213,1199.095337,1512.803345,,,,,,,,,,,,,,,,,,,
165,1.375,-978.020752,363.41922,1737.956909,-1167.381836,1186.363403,1776.133911,-1308.218018,296.45636,1565.572754,-1141.59436,1199.006104,1515.530884,,,,,,,,,,,,,,,,,,,
166,1.383333,-976.024658,363.247864,1744.123901,-1166.716797,1185.879028,1778.897705,-1307.94751,296.528931,1566.276611,-1141.592407,1198.896118,1518.342163,,,,,,,,,,,,,,,,,,,
167,1.391667,-974.000977,362.949463,1750.266357,-1166.001343,1185.36377,1781.755493,-1307.674316,296.607574,1566.990356,-1141.5354,1198.765503,1521.23584,,,,,,,,,,,,,,,,,,,
168,1.4,-971.95813,362.531799,1756.38208,-1165.231323,1184.818237,1784.707275,-1307.397827,296.693481,1567.715332,-1141.422485,1198.613647,1524.210693,,,,,,,,,,,,,,,,,,,
169,1.408333,-969.905029,362.002594,1762.469238,-1164.403198,1184.243164,1787.753296,-1307.116699,296.787506,1568.453857,-1141.253174,1198.439575,1527.266113,,,,,,,,,,,,,,,,,,,
170,1.416667,-967.851257,361.368988,1768.526123,-1163.513428,1183.638916,1790.893311,-1306.828735,296.89035,1569.209351,-1141.027222,1198.242554,1530.4021,,,,,,,,,,,,,,,,,,,
171,1.425,-965.806702,360.637787,1774.550171,-1162.55835,1183.006104,1794.127563,-1306.531128,297.00238,1569.985107,-1140.744995,1198.021118,1533.618652,,,,,,,,,,,,,,,,,,,
172,1.433333,-963.78186,359.815155,1780.539673,-1161.53418,1182.344604,1797.456055,-1306.221069,297.123444,1570.785156,-1140.407471,1197.774292,1536.916138,,,,,,,,,,,,,,,,,,,
173,1.441667,-961.787537,358.906616,1786.491699,-1160.437378,1181.654297,1800.879272,-1305.896484,297.253021,1571.613647,-1140.015381,1197.500366,1540.295166,,,,,,,,,,,,,,,,,,,
174,1.45,-959.835022,357.917114,1792.403809,-1159.264038,1180.934814,1804.397583,-1305.55603,297.390045,1572.474731,-1139.57019,1197.197266,1543.755859,,,,,,,,,,,,,,,,,,,
175,1.458333,-957.935608,356.851013,1798.273193,-1158.011475,1180.184448,1808.011841,-1305.198975,297.532745,1573.373901,-1139.072998,1196.863037,1547.299561,,,,,,,,,,,,,,,,,,,
176,1.466667,-956.100586,355.712677,1804.097168,-1156.675903,1179.401855,1811.723022,-1304.824585,297.678619,1574.317749,-1138.525146,1196.494751,1550.927368,,,,,,,,,,,,,,,,,,,
177,1.475,-954.341003,354.506317,1809.873047,-1155.254761,1178.584717,1815.531616,-1304.432983,297.825043,1575.312744,-1137.927124,1196.088989,1554.64209,,,,,,,,,,,,,,,,,,,
178,1.483333,-952.66748,353.236389,1815.598511,-1153.744995,1177.730835,1819.438843,-1304.024292,297.969574,1576.366333,-1137.279053,1195.64209,1558.447144,,,,,,,,,,,,,,,,,,,
179,1.491667,-951.0896,351.90744,1821.271118,-1152.143555,1176.837891,1823.445435,-1303.598633,298.11026,1577.485718,-1136.579224,1195.149536,1562.348022,,,,,,,,,,,,,,,,,,,
180,1.5,-949.615417,350.52417,1826.888916,-1150.447632,1175.904419,1827.552734,-1303.155396,298.245575,1578.677612,-1135.824463,1194.605957,1566.35376,,,,,,,,,,,,,,,,,,,
181,1.508333,-948.250549,349.090515,1832.450439,-1148.654175,1174.928955,1831.761353,-1302.694458,298.375305,1579.947388,-1135.00769,1194.004883,1570.477539,,,,,,,,,,,,,,,,,,,
182,1.516667,-946.997742,347.609741,1837.954224,-1146.760742,1173.911133,1836.072632,-1302.216431,298.500702,1581.297119,-1134.121826,1193.341064,1574.7323,,,,,,,,,,,,,,,,,,,
183,1.525,-945.856506,346.083801,1843.39978,-1144.764526,1172.85144,1840.487427,-1301.722534,298.624237,1582.727783,-1133.161377,1192.611938,1579.127197,,,,,,,,,,,,,,,,,,,
184,1.533333,-944.823425,344.513824,1848.786011,-1142.66394,1171.751099,1845.006714,-1301.213745,298.749023,1584.239258,-1132.125732,1191.820068,1583.663208,,,,,,,,,,,,,,,,,,,
185,1.541667,-943.892456,342.900513,1854.112183,-1140.457153,1170.612549,1849.631104,-1300.690918,298.878784,1585.832275,-1131.016357,1190.970337,1588.336426,,,,,,,,,,,,,,,,,,,
186,1.55,-943.055847,341.244476,1859.377319,-1138.1427,1169.438965,1854.361694,-1300.154907,299.018097,1587.507813,-1129.83606,1190.069336,1593.140259,,,,,,,,,,,,,,,,,,,
187,1.558333,-942.30481,339.546692,1864.580566,-1135.719238,1168.234253,1859.199585,-1299.607056,299.172394,1589.267822,-1128.587402,1189.123779,1598.067383,,,,,,,,,,,,,,,,,,,
188,1.566667,-941.629944,337.80896,1869.720947,-1133.185913,1167.003418,1864.146606,-1299.049316,299.348328,1591.114136,-1127.271851,1188.139526,1603.112549,,,,,,,,,,,,,,,,,,,
189,1.575,-941.021973,336.034393,1874.797119,-1130.541382,1165.752441,1869.204224,-1298.483765,299.552979,1593.050415,-1125.890381,1187.12207,1608.273315,,,,,,,,,,,,,,,,,,,
190,1.583333,-940.471924,334.227539,1879.807495,-1127.784668,1164.487427,1874.374512,-1297.912109,299.793732,1595.082031,-1124.443115,1186.07605,1613.549072,,,,,,,,,,,,,,,,,,,
191,1.591667,-939.971191,332.394684,1884.750366,-1124.914551,1163.216064,1879.659912,-1297.336304,300.078308,1597.216064,-1122.929321,1185.005859,1618.941162,,,,,,,,,,,,,,,,,,,
192,1.6,-939.511108,330.543915,1889.623535,-1121.930298,1161.946045,1885.062378,-1296.758667,300.415009,1599.459961,-1121.347656,1183.917358,1624.451416,,,,,,,,,,,,,,,,,,,
193,1.608333,-939.082458,328.685303,1894.425293,-1118.830566,1160.686035,1890.583984,-1296.180786,300.812073,1601.822754,-1119.696167,1182.81665,1630.082031,,,,,,,,,,,,,,,,,,,
194,1.616667,-938.674805,326.831177,1899.154175,-1115.61438,1159.444702,1896.22644,-1295.603271,301.277466,1604.315308,-1117.972778,1181.71106,1635.834717,,,,,,,,,,,,,,,,,,,
195,1.625,-938.276123,324.996338,1903.80957,-1112.28064,1158.231567,1901.989868,-1295.025024,301.819,1606.950806,-1116.176147,1180.609131,1641.710083,,,,,,,,,,,,,,,,,,,
196,1.633333,-937.872498,323.198303,1908.392212,-1108.827759,1157.056396,1907.874023,-1294.444458,302.444702,1609.74353,-1114.304443,1179.520874,1647.707642,,,,,,,,,,,,,,,,,,,
197,1.641667,-937.447205,321.457336,1912.904297,-1105.254272,1155.930054,1913.876831,-1293.859863,303.162628,1612.708862,-1112.356079,1178.45813,1653.826294,,,,,,,,,,,,,,,,,,,
198,1.65,-936.980591,319.796173,1917.350342,-1101.559082,1154.86377,1919.995239,-1293.269043,303.980438,1615.864136,-1110.330078,1177.434448,1660.062744,,,,,,,,,,,,,,,,,,,
199,1.658333,-936.449524,318.240051,1921.737183,-1097.740845,1153.869873,1926.224487,-1292.668823,304.904694,1619.230713,-1108.22583,1176.465088,1666.41333,,,,,,,,,,,,,,,,,,,
200,1.666667,-935.827576,316.815796,1926.074585,-1093.799072,1152.961426,1932.558472,-1292.055054,305.940765,1622.834106,-1106.044434,1175.566895,1672.871826,,,,,,,,,,,,,,,,,,,
201,1.675,-935.085632,315.550629,1930.373779,-1089.734131,1152.151489,1938.989136,-1291.422729,307.092834,1626.704468,-1103.788086,1174.758179,1679.430664,,,,,,,,,,,,,,,,,,,
202,1.683333,-934.193604,314.469269,1934.647461,-1085.546875,1151.453247,1945.507446,-1290.766113,308.363525,1630.875366,-1101.461182,1174.057861,1686.080566,,,,,,,,,,,,,,,,,,,
203,1.691667,-933.12207,313.590424,1938.906982,-1081.240112,1150.878906,1952.102783,-1290.079224,309.75354,1635.383545,-1099.068604,1173.484253,1692.810791,,,,,,,,,,,,,,,,,,,
204,1.7,-931.84668,312.922089,1943.160522,-1076.818237,1150.438965,1958.764771,-1289.35498,311.261261,1640.268433,-1096.616699,1173.054077,1699.609375,,,,,,,,,,,,,,,,,,,
205,1.708333,-930.352722,312.457581,1947.408081,-1072.287842,1150.141846,1965.482422,-1288.585693,312.882782,1645.571167,-1094.111694,1172.78125,1706.464844,,,,,,,,,,,,,,,,,,,
206,1.716667,-928.641479,312.174194,1951.640869,-1067.656982,1149.992432,1972.244507,-1287.762207,314.611664,1651.333862,-1091.558472,1172.673706,1713.365845,,,,,,,,,,,,,,,,,,,
207,1.725,-926.734009,312.035553,1955.842285,-1062.935059,1149.992798,1979.03894,-1286.875122,316.438416,1657.598877,-1088.960449,1172.733643,1720.302124,,,,,,,,,,,,,,,,,,,
208,1.733333,-924.671143,311.997772,1959.991211,-1058.132813,1150.140503,1985.854126,-1285.914673,318.349854,1664.407349,-1086.318481,1172.956055,1727.265869,,,,,,,,,,,,,,,,,,,
209,1.741667,-922.507019,312.016724,1964.065308,-1053.262085,1150.42981,1992.678589,-1284.869385,320.329895,1671.798828,-1083.631714,1173.330688,1734.250977,,,,,,,,,,,,,,,,,,,
210,1.75,-920.301208,312.054626,1968.042236,-1048.33667,1150.852417,1999.502319,-1283.726563,322.360352,1679.810303,-1080.898071,1173.841919,1741.253174,,,,,,,,,,,,,,,,,,,
211,1.758333,-918.109253,312.084381,1971.900879,-1043.370605,1151.397705,2006.31543,-1282.471069,324.421539,1688.474121,-1078.114868,1174.472412,1748.268311,,,,,,,,,,,,,,,,,,,
212,1.766667,-915.977112,312.090363,1975.621948,-1038.378906,1152.053711,2013.109741,-1281.085693,326.493134,1697.816772,-1075.279663,1175.203369,1755.292603,,,,,,,,,,,,,,,,,,,
213,1.775,-913.938721,312.067444,1979.188843,-1033.376343,1152.807251,2019.876709,-1279.551392,328.555511,1707.855103,-1072.391235,1176.016846,1762.320068,,,,,,,,,,,,,,,,,,,
214,1.783333,-912.016174,312.017975,1982.587524,-1028.376465,1153.644287,2026.608521,-1277.847412,330.591278,1718.595825,-1069.449585,1176.897461,1769.342407,,,,,,,,,,,,,,,,,,,
215,1.791667,-910.221069,311.949036,1985.807373,-1023.391357,1154.55127,2033.297119,-1275.952881,332.586914,1730.033203,-1066.456055,1177.833374,1776.347778,,,,,,,,,,,,,,,,,,,
216,1.8,-908.556274,311.869598,1988.84082,-1018.431213,1155.514404,2039.934448,-1273.848022,334.533844,1742.149536,-1063.414673,1178.81604,1783.320923,,,,,,,,,,,,,,,,,,,
217,1.808333,-907.017517,311.787903,1991.68396,-1013.504761,1156.521484,2046.512573,-1271.514648,336.428436,1754.917236,-1060.330933,1179.840576,1790.244751,,,,,,,,,,,,,,,,,,,
218,1.816667,-905.595398,311.709412,1994.336792,-1008.619995,1157.561523,2053.024902,-1268.938354,338.271576,1768.299316,-1057.211426,1180.904297,1797.101807,,,,,,,,,,,,,,,,,,,
219,1.825,-904.277405,311.635803,1996.802856,-1003.783813,1158.625732,2059.465576,-1266.108521,340.06778,1782.252197,-1054.06311,1182.004883,1803.877563,,,,,,,,,,,,,,,,,,,
220,1.833333,-903.049561,311.565308,1999.088501,-999.002991,1159.706665,2065.830322,-1263.018188,341.824524,1796.72644,-1050.893433,1183.140137,1810.561157,,,,,,,,,,,,,,,,,,,
221,1.841667,-901.898743,311.494476,2001.203247,-994.283264,1160.799561,2072.116699,-1259.662476,343.552185,1811.669189,-1047.710327,1184.305786,1817.146851,,,,,,,,,,,,,,,,,,,
222,1.85,-900.814087,311.419891,2003.157837,-989.62915,1161.900757,2078.32373,-1256.037964,345.26358,1827.025391,-1044.521973,1185.496826,1823.634277,,,,,,,,,,,,,,,,,,,
223,1.858333,-899.788086,311.34021,2004.962891,-985.043335,1163.008667,2084.452881,-1252.140015,346.973114,1842.740234,-1041.336182,1186.706909,1830.025879,,,,,,,,,,,,,,,,,,,
224,1.866667,-898.817017,311.256378,2006.629272,-980.526123,1164.123535,2090.505615,-1247.963013,348.69516,1858.760986,-1038.160156,1187.929688,1836.327637,,,,,,,,,,,,,,,,,,,
225,1.875,-897.900452,311.171448,2008.16626,-976.075439,1165.246216,2096.48584,-1243.500122,350.442261,1875.038208,-1035.000488,1189.15918,1842.546509,,,,,,,,,,,,,,,,,,,
226,1.883333,-897.040894,311.089325,2009.583496,-971.687012,1166.378052,2102.396973,-1238.743652,352.223816,1891.527222,-1031.863281,1190.390259,1848.689697,,,,,,,,,,,,,,,,,,,
227,1.891667,-896.241455,311.014191,2010.889038,-967.355103,1167.520264,2108.243408,-1233.688232,354.044678,1908.186768,-1028.754639,1191.618286,1854.764526,,,,,,,,,,,,,,,,,,,
228,1.9,-895.504761,310.949524,2012.091675,-963.072266,1168.673218,2114.029053,-1228.329956,355.904266,1924.980591,-1025.67981,1192.839844,1860.777466,,,,,,,,,,,,,,,,,,,
229,1.908333,-894.830872,310.897919,2013.199097,-958.830505,1169.836182,2119.759033,-1222.668091,357.795502,1941.876953,-1022.644043,1194.051636,1866.734375,,,,,,,,,,,,,,,,,,,
230,1.916667,-894.21637,310.860504,2014.220459,-954.621338,1171.00647,2125.437012,-1216.704712,359.704468,1958.848999,-1019.65094,1195.250488,1872.641357,,,,,,,,,,,,,,,,,,,
231,1.925,-893.654541,310.83725,2015.165527,-950.436401,1172.180054,2131.067627,-1210.445557,361.611206,1975.874146,-1016.703369,1196.432861,1878.504883,,,,,,,,,,,,,,,,,,,
232,1.933333,-893.136414,310.826599,2016.044434,-946.268188,1173.350952,2136.655273,-1203.899902,363.491425,1992.933838,-1013.802673,1197.593872,1884.332397,,,,,,,,,,,,,,,,,,,
233,1.941667,-892.652832,310.826447,2016.867676,-942.110474,1174.512207,2142.205078,-1197.079956,365.318451,2010.011719,-1010.949402,1198.728149,1890.132202,,,,,,,,,,,,,,,,,,,
234,1.95,-892.19519,310.83432,2017.644409,-937.958313,1175.655273,2147.721436,-1190.000366,367.06546,2027.09314,-1008.142822,1199.829224,1895.913208,,,,,,,,,,,,,,,,,,,
235,1.958333,-891.757202,310.848022,2018.383301,-933.808167,1176.771362,2153.210205,-1182.678345,368.707581,2044.164429,-1005.381226,1200.890259,1901.68457,,,,,,,,,,,,,,,,,,,
236,1.966667,-891.334656,310.865997,2019.09021,-929.657593,1177.85083,2158.67627,-1175.131592,370.223633,2061.211426,-1002.662048,1201.904541,1907.4552,,,,,,,,,,,,,,,,,,,
237,1.975,-890.924866,310.887268,2019.769165,-925.505188,1178.883789,2164.125488,-1167.378662,371.597626,2078.219971,-999.981873,1202.865356,1913.233643,,,,,,,,,,,,,,,,,,,
238,1.983333,-890.525391,310.911469,2020.424072,-921.349854,1179.861084,2169.563232,-1159.438721,372.81842,2095.174805,-997.337097,1203.766479,1919.027344,,,,,,,,,,,,,,,,,,,
239,1.991667,-890.133057,310.938324,2021.058105,-917.191162,1180.774414,2174.994873,-1151.329834,373.878998,2112.060303,-994.724182,1204.602539,1924.842773,,,,,,,,,,,,,,,,,,,
240,2,-889.743652,310.967621,2021.675537,-913.028503,1181.617188,2180.425537,-1143.069458,374.775116,2128.860352,-992.139709,1205.369019,1930.685669,,,,,,,,,,,,,,,,,,,
241,2.008333,-889.352173,310.999146,2022.282593,-908.861267,1182.383667,2185.860352,-1134.674072,375.503876,2145.558838,-989.580627,1206.062134,1936.560669,,,,,,,,,,,,,,,,,,,
242,2.016667,-888.953796,311.032593,2022.885132,-904.688599,1183.070313,2191.303955,-1126.159668,376.062531,2162.141357,-987.044006,1206.678833,1942.472534,,,,,,,,,,,,,,,,,,,
243,2.025,-888.544006,311.067871,2023.489258,-900.508911,1183.674683,2196.760742,-1117.542114,376.448059,2178.593994,-984.526611,1207.217041,1948.425781,,,,,,,,,,,,,,,,,,,
244,2.033333,-888.119507,311.105164,2024.100586,-896.32019,1184.196045,2202.234375,-1108.837402,376.656769,2194.90625,-982.025574,1207.675049,1954.424194,,,,,,,,,,,,,,,,,,,
245,2.041667,-887.678101,311.144897,2024.723022,-892.120056,1184.634399,2207.729004,-1100.06189,376.684479,2211.067871,-979.537415,1208.051636,1960.47168,,,,,,,,,,,,,,,,,,,
246,2.05,-887.219055,311.187927,2025.359375,-887.905823,1184.990723,2213.249023,-1091.232666,376.526672,2227.071777,-977.05896,1208.345825,1966.571533,,,,,,,,,,,,,,,,,,,
247,2.058333,-886.74292,311.235474,2026.010742,-883.674805,1185.266235,2218.797119,-1082.36792,376.178955,2242.910645,-974.587036,1208.557373,1972.726807,,,,,,,,,,,,,,,,,,,
248,2.066667,-886.250793,311.289093,2026.677368,-879.42395,1185.462524,2224.377441,-1073.486328,375.637634,2258.579834,-972.118896,1208.686768,1978.939941,,,,,,,,,,,,,,,,,,,
249,2.075,-885.743835,311.350647,2027.359985,-875.150635,1185.580688,2229.992676,-1064.6073,374.899933,2274.07373,-969.652283,1208.734741,1985.212891,,,,,,,,,,,,,,,,,,,
250,2.083333,-885.223328,311.422272,2028.059937,-870.852051,1185.622437,2235.646484,-1055.749756,373.964386,2289.388184,-967.185242,1208.701782,1991.54834,,,,,,,,,,,,,,,,,,,
251,2.091667,-884.690369,311.506317,2028.779541,-866.525574,1185.588867,2241.341797,-1046.932129,372.831451,2304.518311,-964.716003,1208.588501,1997.948853,,,,,,,,,,,,,,,,,,,
252,2.1,-884.145874,311.605286,2029.52356,-862.168579,1185.481201,2247.081543,-1038.171387,371.503723,2319.45874,-962.242493,1208.395264,2004.418091,,,,,,,,,,,,,,,,,,,
253,2.108333,-883.590454,311.721436,2030.298706,-857.778137,1185.300293,2252.867676,-1029.482544,369.986298,2334.203369,-959.76239,1208.121948,2010.959839,,,,,,,,,,,,,,,,,,,
254,2.116667,-883.024109,311.856934,2031.114136,-853.351624,1185.047485,2258.703125,-1020.87793,368.286896,2348.74707,-957.273621,1207.768433,2017.578125,,,,,,,,,,,,,,,,,,,
255,2.125,-882.445129,312.013458,2031.981689,-848.886719,1184.723755,2264.590332,-1012.365601,366.41571,2363.085693,-954.774048,1207.334473,2024.277466,,,,,,,,,,,,,,,,,,,
256,2.133333,-881.850342,312.192352,2032.915405,-844.381165,1184.330078,2270.530273,-1003.949524,364.385895,2377.217285,-952.262268,1206.820068,2031.060669,,,,,,,,,,,,,,,,,,,
257,2.141667,-881.234314,312.394531,2033.931763,-839.832886,1183.868408,2276.525391,-995.631653,362.21463,2391.139404,-949.737488,1206.224854,2037.931152,,,,,,,,,,,,,,,,,,,
258,2.15,-880.5896,312.620483,2035.048462,-835.240295,1183.340576,2282.577637,-987.410645,359.924011,2404.848145,-947.198975,1205.548706,2044.891357,,,,,,,,,,,,,,,,,,,
259,2.158333,-879.907043,312.870239,2036.284912,-830.602173,1182.74939,2288.6875,-979.283936,357.541229,2418.337891,-944.646423,1204.792603,2051.942871,,,,,,,,,,,,,,,,,,,
260,2.166667,-879.175903,313.143494,2037.6604,-825.917969,1182.098389,2294.856201,-971.247192,355.098083,2431.601318,-942.0802,1203.957153,2059.086914,,,,,,,,,,,,,,,,,,,
261,2.175,-878.383667,313.439911,2039.192871,-821.187927,1181.391724,2301.084717,-963.296509,352.6297,2444.62793,-939.501221,1203.044434,2066.32373,,,,,,,,,,,,,,,,,,,
262,2.183333,-877.516663,313.759521,2040.89978,-816.412781,1180.634521,2307.372803,-955.429321,350.172455,2457.404541,-936.911194,1202.056152,2073.655029,,,,,,,,,,,,,,,,,,,
263,2.191667,-876.559265,314.102997,2042.795898,-811.594299,1179.832764,2313.720459,-947.645813,347.761475,2469.913818,-934.312134,1200.995239,2081.082275,,,,,,,,,,,,,,,,,,,
264,2.2,-875.494141,314.471558,2044.894653,-806.734619,1178.993774,2320.127197,-939.950562,345.427551,2482.134277,-931.706543,1199.864868,2088.606934,,,,,,,,,,,,,,,,,,,
265,2.208333,-874.302063,314.86673,2047.208252,-801.836365,1178.126343,2326.592773,-932.352356,343.19397,2494.040283,-929.097107,1198.669312,2096.231445,,,,,,,,,,,,,,,,,,,
266,2.216667,-872.962158,315.290741,2049.748779,-796.902466,1177.240723,2333.115479,-924.864319,341.073669,2505.600098,-926.486572,1197.414307,2103.95874,,,,,,,,,,,,,,,,,,,
267,2.225,-871.451721,315.746826,2052.526855,-791.935852,1176.348999,2339.694824,-917.502319,339.06781,2516.778564,-923.877014,1196.1073,2111.791748,,,,,,,,,,,,,,,,,,,
268,2.233333,-869.74762,316.239441,2055.554199,-786.93927,1175.464966,2346.329346,-910.282776,337.167389,2527.54126,-921.269958,1194.757324,2119.733887,,,,,,,,,,,,,,,,,,,
269,2.241667,-867.827087,316.775391,2058.839844,-781.915039,1174.60376,2353.018066,-903.219971,335.356262,2537.859375,-918.665588,1193.376343,2127.787842,,,,,,,,,,,,,,,,,,,
270,2.25,-865.668396,317.364044,2062.392334,-776.865112,1173.782227,2359.759521,-896.323792,333.616089,2547.715088,-916.0625,1191.977661,2135.956299,,,,,,,,,,,,,,,,,,,
271,2.258333,-863.251038,318.017792,2066.217773,-771.791382,1173.0177,2366.552734,-889.597961,331.930237,2557.102539,-913.45752,1190.577271,2144.241699,,,,,,,,,,,,,,,,,,,
272,2.266667,-860.555908,318.751282,2070.321777,-766.695679,1172.328979,2373.395996,-883.03894,330.288391,2566.027588,-910.846069,1189.193359,2152.645996,,,,,,,,,,,,,,,,,,,
273,2.275,-857.565063,319.581024,2074.710205,-761.580139,1171.734497,2380.286133,-876.637512,328.689636,2574.509766,-908.222778,1187.845337,2161.168701,,,,,,,,,,,,,,,,,,,
274,2.283333,-854.261475,320.524506,2079.387695,-756.446655,1171.252441,2387.219482,-870.381042,327.143982,2582.580566,-905.582886,1186.555176,2169.806396,,,,,,,,,,,,,,,,,,,
275,2.291667,-850.628906,321.599823,2084.361084,-751.297546,1170.900757,2394.190186,-864.256836,325.671539,2590.279785,-902.923828,1185.346802,2178.548096,,,,,,,,,,,,,,,,,,,
276,2.3,-846.6521,322.825226,2089.636963,-746.134705,1170.695313,2401.190186,-858.255554,324.300018,2597.652588,-900.244934,1184.246582,2187.377441,,,,,,,,,,,,,,,,,,,
277,2.308333,-842.317017,324.218872,2095.2229,-740.960083,1170.651123,2408.209473,-852.373291,323.06134,2604.744873,-897.545654,1183.28064,2196.275879,,,,,,,,,,,,,,,,,,,
278,2.316667,-837.611267,325.798187,2101.126953,-735.775085,1170.780762,2415.234375,-846.61322,321.986298,2611.597656,-894.82428,1182.473755,2205.226563,,,,,,,,,,,,,,,,,,,
279,2.325,-832.524719,327.578979,2107.356689,-730.580566,1171.094849,2422.248535,-840.986389,321.096924,2618.239014,-892.078369,1181.847778,2214.212402,,,,,,,,,,,,,,,,,,,
280,2.333333,-827.050537,329.574829,2113.918457,-725.37616,1171.599609,2429.233154,-835.512634,320.398712,2624.679443,-889.305603,1181.420532,2223.216309,,,,,,,,,,,,,,,,,,,
281,2.341667,-821.185974,331.795959,2120.814697,-720.161011,1172.296265,2436.168701,-830.221619,319.87561,2630.902344,-886.503723,1181.204834,2232.220459,,,,,,,,,,,,,,,,,,,
282,2.35,-814.932861,334.24884,2128.044434,-714.933167,1173.179565,2443.034912,-825.152161,319.492432,2636.866211,-883.671692,1181.206421,2241.208496,,,,,,,,,,,,,,,,,,,
283,2.358333,-808.298706,336.935486,2135.60083,-709.69043,1174.237427,2449.813232,-820.348389,319.204895,2642.514404,-880.811707,1181.424927,2250.164795,,,,,,,,,,,,,,,,,,,
284,2.366667,-801.296204,339.852997,2143.473633,-704.430725,1175.452515,2456.486084,-815.852417,318.970673,2647.788818,-877.929382,1181.855225,2259.074463,,,,,,,,,,,,,,,,,,,
285,2.375,-793.943909,342.993195,2151.648682,-699.151978,1176.802979,2463.038086,-811.697815,318.757629,2652.644287,-875.03363,1182.487915,2267.923828,,,,,,,,,,,,,,,,,,,
286,2.383333,-786.26593,346.343018,2160.108887,-693.852844,1178.265381,2469.456299,-807.90802,318.547302,2657.060547,-872.134216,1183.310791,2276.699707,,,,,,,,,,,,,,,,,,,
287,2.391667,-778.291931,349.884918,2168.83374,-688.532532,1179.814697,2475.730713,-804.495361,318.333801,2661.041992,-869.240112,1184.307129,2285.391357,,,,,,,,,,,,,,,,,,,
288,2.4,-770.056091,353.598053,2177.801514,-683.191284,1181.427856,2481.85376,-801.460205,318.119019,2664.61377,-866.359009,1185.457153,2293.98877,,,,,,,,,,,,,,,,,,,
289,2.408333,-761.596069,357.458282,2186.988281,-677.83075,1183.083008,2487.820068,-798.789001,317.907745,2667.814941,-863.496033,1186.738525,2302.484863,,,,,,,,,,,,,,,,,,,
290,2.416667,-752.95282,361.438232,2196.365967,-672.453918,1184.761108,2493.627441,-796.455994,317.704803,2670.692383,-860.651489,1188.12793,2310.875732,,,,,,,,,,,,,,,,,,,
291,2.425,-744.168701,365.507477,2205.903076,-667.065552,1186.44519,2499.276123,-794.427612,317.513916,2673.292236,-857.820374,1189.601196,2319.161377,,,,,,,,,,,,,,,,,,,
292,2.433333,-735.286499,369.633301,2215.566162,-661.671936,1188.120361,2504.769775,-792.668396,317.337952,2675.652344,-854.993591,1191.135376,2327.343994,,,,,,,,,,,,,,,,,,,
293,2.441667,-726.346436,373.781372,2225.32251,-656.280579,1189.77356,2510.114502,-791.14563,317.179382,2677.802002,-852.160095,1192.709595,2335.425049,,,,,,,,,,,,,,,,,,,
294,2.45,-717.385254,377.915833,2235.141113,-650.899719,1191.3927,2515.319336,-789.831848,317.040314,2679.762939,-849.308655,1194.305908,2343.405273,,,,,,,,,,,,,,,,,,,
295,2.458333,-708.434265,381.99826,2244.993896,-645.537415,1192.967041,2520.395508,-788.705139,316.92218,2681.550537,-846.428223,1195.909546,2351.283936,,,,,,,,,,,,,,,,,,,
296,2.466667,-699.518372,385.987457,2254.855957,-640.200989,1194.486938,2525.35498,-787.746948,316.825439,2683.177246,-843.508362,1197.50647,2359.060547,,,,,,,,,,,,,,,,,,,
297,2.475,-690.654724,389.838654,2264.704346,-634.896606,1195.943481,2530.208984,-786.940552,316.749359,2684.654053,-840.539429,1199.082275,2366.734131,,,,,,,,,,,,,,,,,,,
298,2.483333,-681.851929,393.504456,2274.51709,-629.628784,1197.328735,2534.968994,-786.268982,316.692505,2685.992432,-837.512756,1200.621826,2374.303955,,,,,,,,,,,,,,,,,,,
299,2.491667,-673.109863,396.936218,2284.272949,-624.400391,1198.635864,2539.644531,-785.714539,316.653229,2687.204346,-834.420227,1202.110107,2381.769775,,,,,,,,,,,,,,,,,,,
300,2.5,-664.420837,400.086304,2293.950195,-619.212646,1199.859131,2544.243896,-785.258667,316.629944,2688.303223,-831.25531,1203.532959,2389.130859,,,,,,,,,,,,,,,,,,,
301,2.508333,-655.771973,402.910187,2303.525146,-614.065002,1200.993774,2548.774414,-784.882813,316.621246,2689.303223,-828.013123,1204.877441,2396.38623,,,,,,,,,,,,,,,,,,,
302,2.516667,-647.148499,405.368408,2312.975586,-608.955261,1202.035522,2553.241943,-784.569702,316.62561,2690.21875,-824.690613,1206.133179,2403.53418,,,,,,,,,,,,,,,,,,,
303,2.525,-638.536987,407.429352,2322.279541,-603.879578,1202.980957,2557.650146,-784.304077,316.641296,2691.062988,-821.288147,1207.290771,2410.572754,,,,,,,,,,,,,,,,,,,
304,2.533333,-629.927979,409.070618,2331.41748,-598.83252,1203.827881,2562.001221,-784.073059,316.666382,2691.848877,-817.80896,1208.342773,2417.498535,,,,,,,,,,,,,,,,,,,
305,2.541667,-621.317261,410.28009,2340.374756,-593.808289,1204.574097,2566.295898,-783.865601,316.69873,2692.587158,-814.259155,1209.283691,2424.306885,,,,,,,,,,,,,,,,,,,
306,2.55,-612.705933,411.055023,2349.140625,-588.800842,1205.21814,2570.532715,-783.671021,316.736206,2693.288086,-810.646179,1210.11145,2430.991699,,,,,,,,,,,,,,,,,,,
307,2.558333,-604.100464,411.400635,2357.709961,-583.804871,1205.759033,2574.710205,-783.477905,316.776947,2693.960938,-806.977661,1210.827881,2437.547363,,,,,,,,,,,,,,,,,,,
308,2.566667,-595.511292,411.32785,2366.08252,-578.816162,1206.195679,2578.82373,-783.273132,316.819458,2694.615479,-803.260315,1211.436646,2443.969482,,,,,,,,,,,,,,,,,,,
309,2.575,-586.952393,410.851166,2374.263672,-573.832642,1206.5271,2582.869873,-783.041992,316.862518,2695.261719,-799.498535,1211.941895,2450.253418,,,,,,,,,,,,,,,,,,,
310,2.583333,-578.439026,409.987213,2382.263428,-568.853455,1206.752563,2586.843262,-782.768555,316.905518,2695.909912,-795.694519,1212.345581,2456.396973,,,,,,,,,,,,,,,,,,,
311,2.591667,-569.986938,408.753937,2390.09375,-563.876221,1206.872559,2590.739502,-782.436646,316.948486,2696.571045,-791.848389,1212.649658,2462.399414,,,,,,,,,,,,,,,,,,,
312,2.6,-561.611633,407.169983,2397.769775,-558.894714,1206.890869,2594.555664,-782.030457,316.991821,2697.255859,-787.959229,1212.856567,2468.262939,,,,,,,,,,,,,,,,,,,
313,2.608333,-553.32782,405.254547,2405.306152,-553.898193,1206.814453,2598.290039,-781.534912,317.036377,2697.973877,-784.025635,1212.969849,2473.990234,,,,,,,,,,,,,,,,,,,
314,2.616667,-545.149902,403.02771,2412.718018,-548.875427,1206.652344,2601.940918,-780.936035,317.083588,2698.735352,-780.045593,1212.994507,2479.586426,,,,,,,,,,,,,,,,,,,
315,2.625,-537.092957,400.510712,2420.019531,-543.818909,1206.41333,2605.506592,-780.221313,317.135101,2699.54834,-776.016846,1212.934448,2485.05542,,,,,,,,,,,,,,,,,,,
316,2.633333,-529.173523,397.726135,2427.224365,-538.727356,1206.103027,2608.984131,-779.380066,317.19278,2700.420898,-771.937012,1212.794067,2490.401611,,,,,,,,,,,,,,,,,,,
317,2.641667,-521.409302,394.69754,2434.343994,-533.604553,1205.726074,2612.370605,-778.40387,317.258698,2701.358398,-767.80365,1212.576538,2495.62793,,,,,,,,,,,,,,,,,,,
318,2.65,-513.818726,391.448853,2441.38916,-528.454956,1205.284424,2615.662842,-777.286499,317.33432,2702.364014,-763.614258,1212.2854,2500.736816,,,,,,,,,,,,,,,,,,,
319,2.658333,-506.420502,388.003876,2448.369873,-523.280762,1204.781006,2618.860352,-776.02417,317.420441,2703.438721,-759.36554,1211.924561,2505.72998,,,,,,,,,,,,,,,,,,,
320,2.666667,-499.232361,384.386047,2455.295898,-518.081299,1204.219238,2621.963867,-774.614807,317.516785,2704.579834,-755.054016,1211.498047,2510.610107,,,,,,,,,,,,,,,,,,,
321,2.675,-492.270599,380.618164,2462.175293,-512.853821,1203.604492,2624.976074,-773.058716,317.622253,2705.782715,-750.675598,1211.01001,2515.378906,,,,,,,,,,,,,,,,,,,
322,2.683333,-485.54834,376.722656,2469.01709,-507.593506,1202.943359,2627.900146,-771.358276,317.736603,2707.04248,-746.226746,1210.463379,2520.036865,,,,,,,,,,,,,,,,,,,
323,2.691667,-479.074432,372.721924,2475.827881,-502.294128,1202.242798,2630.740234,-769.51825,317.861237,2708.354492,-741.704102,1209.860718,2524.582275,,,,,,,,,,,,,,,,,,,
324,2.7,-472.852203,368.638336,2482.613037,-496.948334,1201.51062,2633.500977,-767.544861,317.998627,2709.716553,-737.104309,1209.203369,2529.013916,,,,,,,,,,,,,,,,,,,
325,2.708333,-466.87915,364.495148,2489.375,-491.549927,1200.752686,2636.187256,-765.443542,318.151367,2711.125732,-732.423401,1208.492798,2533.330322,,,,,,,,,,,,,,,,,,,
326,2.716667,-461.147064,360.317078,2496.112549,-486.094971,1199.973022,2638.802979,-763.218384,318.321899,2712.581055,-727.657349,1207.730225,2537.531494,,,,,,,,,,,,,,,,,,,
327,2.725,-455.642548,356.13089,2502.820313,-480.580933,1199.173706,2641.351807,-760.871704,318.512726,2714.08252,-722.80188,1206.91687,2541.618896,,,,,,,,,,,,,,,,,,,
328,2.733333,-450.347931,351.965424,2509.487549,-475.00528,1198.357056,2643.836914,-758.40332,318.726074,2715.630859,-717.85321,1206.053711,2545.592041,,,,,,,,,,,,,,,,,,,
329,2.741667,-445.242401,347.851044,2516.098633,-469.365295,1197.526367,2646.263184,-755.810852,318.964233,2717.229248,-712.808105,1205.141724,2549.45166,,,,,,,,,,,,,,,,,,,
330,2.75,-440.303436,343.818542,2522.631836,-463.658386,1196.684937,2648.633789,-753.089172,319.229492,2718.881836,-707.663574,1204.182617,2553.198242,,,,,,,,,,,,,,,,,,,
331,2.758333,-435.507904,339.897797,2529.059082,-457.881805,1195.837036,2650.952393,-750.230164,319.523926,2720.594482,-702.416626,1203.178955,2556.835205,,,,,,,,,,,,,,,,,,,
332,2.766667,-430.832733,336.11615,2535.349121,-452.032959,1194.987061,2653.222412,-747.222412,319.849426,2722.374512,-697.064392,1202.134399,2560.36499,,,,,,,,,,,,,,,,,,,
333,2.775,-426.255615,332.496918,2541.467529,-446.109558,1194.139893,2655.446533,-744.050903,320.207672,2724.230957,-691.605408,1201.052246,2563.789795,,,,,,,,,,,,,,,,,,,
334,2.783333,-421.755096,329.058105,2547.378418,-440.109833,1193.300537,2657.62793,-740.69696,320.600403,2726.174805,-686.03894,1199.936523,2567.111328,,,,,,,,,,,,,,,,,,,
335,2.791667,-417.311218,325.812042,2553.047607,-434.032349,1192.474609,2659.768555,-737.138489,321.029114,2728.21875,-680.365479,1198.79187,2570.330078,,,,,,,,,,,,,,,,,,,
336,2.8,-412.906189,322.764771,2558.443848,-427.876373,1191.667725,2661.87085,-733.349976,321.495697,2730.377441,-674.585999,1197.624268,2573.448975,,,,,,,,,,,,,,,,,,,
337,2.808333,-408.525482,319.916595,2563.540527,-421.641663,1190.885986,2663.936279,-729.302856,322.001862,2732.666992,-668.702393,1196.440552,2576.470703,,,,,,,,,,,,,,,,,,,
338,2.816667,-404.158691,317.262756,2568.318115,-415.328918,1190.135742,2665.966064,-724.965942,322.549744,2735.105469,-662.717896,1195.249023,2579.398682,,,,,,,,,,,,,,,,,,,
339,2.825,-399.799561,314.795135,2572.765381,-408.940155,1189.422729,2667.960449,-720.304993,323.141479,2737.712158,-656.637085,1194.058472,2582.236572,,,,,,,,,,,,,,,,,,,
340,2.833333,-395.445557,312.504456,2576.878906,-402.478943,1188.752808,2669.919922,-715.283264,323.779541,2740.506836,-650.466003,1192.878662,2584.988281,,,,,,,,,,,,,,,,,,,
341,2.841667,-391.09671,310.382355,2580.661865,-395.950012,1188.13147,2671.844727,-709.862061,324.466919,2743.510498,-644.212158,1191.720459,2587.657471,,,,,,,,,,,,,,,,,,,
342,2.85,-386.754181,308.423279,2584.123291,-389.359741,1187.564209,2673.734863,-704.001038,325.207489,2746.742676,-637.884338,1190.595581,2590.247803,,,,,,,,,,,,,,,,,,,
343,2.858333,-382.419006,306.625946,2587.274658,-382.71579,1187.056396,2675.591309,-697.659546,326.006653,2750.22168,-631.492554,1189.516968,2592.763916,,,,,,,,,,,,,,,,,,,
344,2.866667,-378.090973,304.994446,2590.12793,-376.027008,1186.614258,2677.414063,-690.797119,326.871216,2753.962891,-625.048523,1188.499023,2595.210449,,,,,,,,,,,,,,,,,,,
345,2.875,-373.768158,303.538635,2592.694336,-369.303467,1186.244263,2679.204834,-683.374023,327.809601,2757.977539,-618.565552,1187.557007,2597.594482,,,,,,,,,,,,,,,,,,,
346,2.883333,-369.448395,302.272705,2594.981445,-362.556549,1185.953491,2680.9646,-675.352661,328.831146,2762.270752,-612.058533,1186.70813,2599.922363,,,,,,,,,,,,,,,,,,,
347,2.891667,-365.13327,301.212463,2596.993164,-355.798706,1185.748657,2682.695068,-666.697815,329.945313,2766.842773,-605.543884,1185.969971,2602.203369,,,,,,,,,,,,,,,,,,,
348,2.9,-360.832825,300.370422,2598.72998,-349.042877,1185.635864,2684.397461,-657.378723,331.160461,2771.687256,-599.039185,1185.360107,2604.446533,,,,,,,,,,,,,,,,,,,
349,2.908333,-356.569702,299.750488,2600.193359,-342.301697,1185.619141,2686.073486,-647.370667,332.481964,2776.79126,-592.562195,1184.893677,2606.661865,,,,,,,,,,,,,,,,,,,
350,2.916667,-352.377869,299.344849,2601.391357,-335.587585,1185.698608,2687.724365,-636.655884,333.910614,2782.135498,-586.129822,1184.582031,2608.857422,,,,,,,,,,,,,,,,,,,
351,2.925,-348.296234,299.135498,2602.347412,-328.912354,1185.870483,2689.352051,-625.225769,335.441925,2787.693359,-579.756958,1184.431152,2611.04126,,,,,,,,,,,,,,,,,,,
352,2.933333,-344.360992,299.09903,2603.099121,-322.287018,1186.126709,2690.958252,-613.082092,337.066132,2793.431641,-573.455017,1184.441284,2613.21875,,,,,,,,,,,,,,,,,,,
353,2.941667,-340.600708,299.210419,2603.693115,-315.72168,1186.455811,2692.545898,-600.238586,338.770386,2799.312012,-567.231628,1184.606812,2615.393066,,,,,,,,,,,,,,,,,,,
354,2.95,-337.035004,299.444275,2604.175537,-309.224976,1186.845093,2694.118164,-586.722839,340.541351,2805.291016,-561.090637,1184.917358,2617.56543,,,,,,,,,,,,,,,,,,,
355,2.958333,-333.675507,299.774963,2604.589844,-302.803558,1187.280884,2695.68042,-572.577698,342.368622,2811.322266,-555.032288,1185.358398,2619.734619,,,,,,,,,,,,,,,,,,,
356,2.966667,-330.527893,300.177826,2604.974365,-296.462311,1187.751099,2697.237305,-557.860168,344.246826,2817.358643,-549.053406,1185.912964,2621.898926,,,,,,,,,,,,,,,,,,,
357,2.975,-327.593475,300.631012,2605.360352,-290.204285,1188.245605,2698.793945,-542.639832,346.176636,2823.352539,-543.148376,1186.562744,2624.055664,,,,,,,,,,,,,,,,,,,
358,2.983333,-324.869324,301.117432,2605.771973,-284.030701,1188.756836,2700.35376,-526.994812,348.163849,2829.258057,-537.309326,1187.290527,2626.200928,,,,,,,,,,,,,,,,,,,
359,2.991667,-322.347107,301.625092,2606.225098,-277.940582,1189.280151,2701.919434,-511.00766,350.217072,2835.029785,-531.527832,1188.080444,2628.331299,,,,,,,,,,,,,,,,,,,
360,3,-320.011871,302.147003,2606.726563,-271.931,1189.812866,2703.491455,-494.761108,352.344849,2840.626709,-525.795593,1188.919678,2630.442871,,,,,,,,,,,,,,,,,,,
361,3.008333,-317.842133,302.679596,2607.27832,-265.997406,1190.354492,2705.067383,-478.33493,354.552246,2846.012207,-520.106506,1189.797852,2632.532471,,,,,,,,,,,,,,,,,,,
362,3.016667,-315.810638,303.221008,2607.876221,-260.133942,1190.905029,2706.642578,-461.803741,356.837677,2851.156982,-514.457825,1190.707764,2634.597168,,,,,,,,,,,,,,,,,,,
363,3.025,-313.887726,303.769318,2608.513916,-254.33371,1191.464722,2708.210205,-445.23468,359.190216,2856.040527,-508.850586,1191.644775,2636.63501,,,,,,,,,,,,,,,,,,,
364,3.033333,-312.044067,304.321533,2609.18335,-248.589172,1192.033813,2709.761963,-428.68573,361.588165,2860.650391,-503.28891,1192.606079,2638.646484,,,,,,,,,,,,,,,,,,,
365,3.041667,-310.253998,304.873932,2609.878174,-242.892776,1192.611694,2711.287842,-412.205109,363.999329,2864.981201,-497.778534,1193.590454,2640.630615,,,,,,,,,,,,,,,,,,,
366,3.05,-308.496948,305.422607,2610.592773,-237.237122,1193.196533,2712.778076,-395.832153,366.382629,2869.034668,-492.324188,1194.596436,2642.590332,,,,,,,,,,,,,,,,,,,
367,3.058333,-306.757782,305.963928,2611.324219,-231.615341,1193.785034,2714.224121,-379.598694,368.691345,2872.817139,-486.928314,1195.622192,2644.527832,,,,,,,,,,,,,,,,,,,
368,3.066667,-305.025879,306.495056,2612.069336,-226.021286,1194.372803,2715.618164,-363.530731,370.877441,2876.336426,-481.590637,1196.664551,2646.44873,,,,,,,,,,,,,,,,,,,
369,3.075,-303.294067,307.013947,2612.825684,-220.449585,1194.954102,2716.954834,-347.649841,372.895691,2879.603027,-476.308807,1197.71936,2648.360352,,,,,,,,,,,,,,,,,,,
370,3.083333,-301.557129,307.519073,2613.589111,-214.895493,1195.523071,2718.231445,-331.974976,374.706818,2882.628418,-471.078796,1198.781006,2650.270752,,,,,,,,,,,,,,,,,,,
371,3.091667,-299.810913,308.009247,2614.355713,-209.354935,1196.072876,2719.446777,-316.523285,376.27887,2885.424072,-465.895386,1199.842896,2652.190186,,,,,,,,,,,,,,,,,,,
372,3.1,-298.051758,308.483429,2615.121094,-203.824142,1196.597534,2720.602783,-301.310883,377.587524,2888.00415,-460.752197,1200.897949,2654.12793,,,,,,,,,,,,,,,,,,,
373,3.108333,-296.27652,308.940796,2615.881836,-198.299377,1197.091187,2721.701172,-286.353333,378.615082,2890.381348,-455.641266,1201.937744,2656.091797,,,,,,,,,,,,,,,,,,,
374,3.116667,-294.482788,309.380463,2616.634766,-192.77684,1197.548828,2722.745605,-271.665344,379.349091,2892.569824,-450.55304,1202.95459,2658.087402,,,,,,,,,,,,,,,,,,,
375,3.125,-292.668823,309.801483,2617.377686,-187.252747,1197.966431,2723.73999,-257.260651,379.780426,2894.584229,-445.476379,1203.941406,2660.116455,,,,,,,,,,,,,,,,,,,
376,3.133333,-290.832947,310.203064,2618.108398,-181.723358,1198.341309,2724.688232,-243.151581,379.901642,2896.440186,-440.399414,1204.892456,2662.17627,,,,,,,,,,,,,,,,,,,
377,3.141667,-288.9729,310.584503,2618.825439,-176.185318,1198.671509,2725.593994,-229.34877,379.706055,2898.156494,-435.310455,1205.803467,2664.260986,,,,,,,,,,,,,,,,,,,
378,3.15,-287.085083,310.945038,2619.526367,-170.635925,1198.955688,2726.461426,-215.861832,379.188568,2899.750732,-430.199188,1206.671631,2666.362793,,,,,,,,,,,,,,,,,,,
379,3.158333,-285.163788,311.283844,2620.210205,-165.07309,1199.192871,2727.294434,-202.701065,378.347992,2901.240479,-425.057434,1207.494385,2668.472168,,,,,,,,,,,,,,,,,,,
380,3.166667,-283.201843,311.600159,2620.875,-159.495209,1199.382202,2728.09668,-189.87912,377.189056,2902.639893,-419.879608,1208.268921,2670.582764,,,,,,,,,,,,,,,,,,,
381,3.175,-281.191437,311.893188,2621.519287,-153.900986,1199.522827,2728.872803,-177.411591,375.722687,2903.95874,-414.662872,1208.991943,2672.689453,,,,,,,,,,,,,,,,,,,
382,3.183333,-279.125397,312.162323,2622.141357,-148.289673,1199.613647,2729.626709,-165.316895,373.96463,2905.202637,-409.406708,1209.65979,2674.790527,,,,,,,,,,,,,,,,,,,
383,3.191667,-276.997833,312.407135,2622.739014,-142.660995,1199.653564,2730.363281,-153.615784,371.934845,2906.373291,-404.112854,1210.268066,2676.886963,,,,,,,,,,,,,,,,,,,
384,3.2,-274.804291,312.627655,2623.310547,-137.015015,1199.641602,2731.087646,-142.330933,369.655701,2907.467773,-398.784271,1210.811157,2678.981689,,,,,,,,,,,,,,,,,,,
385,3.208333,-272.540771,312.824127,2623.85376,-131.352219,1199.576782,2731.804443,-131.486969,367.151245,2908.480957,-393.424561,1211.283447,2681.078857,,,,,,,,,,,,,,,,,,,
386,3.216667,-270.202728,312.996857,2624.365234,-125.673531,1199.458374,2732.518555,-121.110855,364.446655,2909.403809,-388.036957,1211.678345,2683.182373,,,,,,,,,,,,,,,,,,,
387,3.225,-267.783783,313.145752,2624.843018,-119.980072,1199.286133,2733.235596,-111.231544,361.567749,2910.226563,-382.623779,1211.98938,2685.296875,,,,,,,,,,,,,,,,,,,
388,3.233333,-265.274841,313.27063,2625.285645,-114.272949,1199.060059,2733.960205,-101.878487,358.540558,2910.937012,-377.186371,1212.209595,2687.425049,,,,,,,,,,,,,,,,,,,
389,3.241667,-262.663788,313.371338,2625.691895,-108.55336,1198.780518,2734.697266,-93.080727,355.389618,2911.522949,-371.72525,1212.332397,2689.571045,,,,,,,,,,,,,,,,,,,
390,3.25,-259.935669,313.448181,2626.062744,-102.822533,1198.447876,2735.451904,-84.864922,352.136169,2911.973389,-366.240906,1212.352295,2691.737061,,,,,,,,,,,,,,,,,,,
391,3.258333,-257.074188,313.502167,2626.400391,-97.081985,1198.062744,2736.228516,-77.248222,348.8013,2912.282959,-360.734253,1212.264771,2693.925781,,,,,,,,,,,,,,,,,,,
392,3.266667,-254.063034,313.535187,2626.709717,-91.333817,1197.626709,2737.03125,-70.227722,345.412628,2912.453369,-355.207306,1212.067017,2696.13916,,,,,,,,,,,,,,,,,,,
393,3.275,-250.887299,313.550507,2626.994873,-85.58091,1197.141602,2737.863281,-63.776241,342.006317,2912.494141,-349.663239,1211.758301,2698.37793,,,,,,,,,,,,,,,,,,,
394,3.283333,-247.534439,313.553223,2627.261475,-79.827126,1196.610474,2738.727295,-57.848293,338.622314,2912.420898,-344.106476,1211.339844,2700.64209,,,,,,,,,,,,,,,,,,,
395,3.291667,-243.994888,313.550934,2627.514404,-74.077354,1196.037476,2739.624756,-52.389469,335.298035,2912.253906,-338.542114,1210.81543,2702.930908,,,,,,,,,,,,,,,,,,,
396,3.3,-240.262512,313.554016,2627.757568,-68.337601,1195.428589,2740.555664,-47.341747,332.066132,2912.017822,-332.975433,1210.191772,2705.241699,,,,,,,,,,,,,,,,,,,
397,3.308333,-236.334747,313.57547,2627.994385,-62.614769,1194.790771,2741.52002,-42.644207,328.956116,2911.741211,-327.411469,1209.47876,2707.570557,,,,,,,,,,,,,,,,,,,
398,3.316667,-232.21199,313.631042,2628.226807,-56.916538,1194.133789,2742.515137,-38.232395,325.99826,2911.455566,-321.854645,1208.689941,2709.912842,,,,,,,,,,,,,,,,,,,
399,3.325,-227.896744,313.739227,2628.456299,-51.251053,1193.469482,2743.538086,-34.038666,323.2258,2911.192383,-316.30899,1207.842896,2712.262207,,,,,,,,,,,,,,,,,,,
400,3.333333,-223.392365,313.921875,2628.68335,-45.626793,1192.813354,2744.585205,-29.994698,320.673981,2910.981689,-310.778351,1206.959473,2714.610107,,,,,,,,,,,,,,,,,,,
401,3.341667,-218.70224,314.204041,2628.907471,-40.052479,1192.183594,2745.651367,-26.035885,318.376801,2910.848145,-305.266876,1206.065674,2716.947021,,,,,,,,,,,,,,,,,,,
402,3.35,-213.829483,314.613831,2629.127686,-34.536915,1191.60144,2746.729492,-22.107405,316.363068,2910.811279,-299.779602,1205.191528,2719.261719,,,,,,,,,,,,,,,,,,,
403,3.358333,-208.777161,315.181488,2629.341309,-29.088469,1191.089844,2747.814453,-18.17198,314.650848,2910.880371,-294.322693,1204.370117,2721.54126,,,,,,,,,,,,,,,,,,,
404,3.366667,-203.548767,315.937622,2629.543701,-23.714264,1190.672119,2748.89917,-14.21788,313.241943,2911.053467,-288.904022,1203.63501,2723.772949,,,,,,,,,,,,,,,,,,,
405,3.375,-198.148331,316.910828,2629.726074,-18.419378,1190.369141,2749.977783,-10.264074,312.118988,2911.31543,-283.533081,1203.01709,2725.945557,,,,,,,,,,,,,,,,,,,
406,3.383333,-192.579941,318.125366,2629.876221,-13.20658,1190.196899,2751.045898,-6.358722,311.247467,2911.639648,-278.221283,1202.542358,2728.049561,,,,,,,,,,,,,,,,,,,
407,3.391667,-186.846848,319.5979,2629.977539,-8.076965,1190.165039,2752.099609,-2.56952,310.582672,2911.992676,-272.981964,1202.228271,2730.08252,,,,,,,,,,,,,,,,,,,
408,3.4,-180.950607,321.335693,2630.012695,-3.030836,1190.276245,2753.136475,1.03079,310.078033,2912.344482,-267.829926,1202.084717,2732.04834,,,,,,,,,,,,,,,,,,,
409,3.408333,-174.891037,323.335602,2629.966553,1.932027,1190.526245,2754.155518,4.377634,309.691742,2912.674072,-262.780029,1202.113159,2733.955811,,,,,,,,,,,,,,,,,,,
410,3.416667,-168.668045,325.584717,2629.827148,6.812695,1190.905884,2755.156738,7.422879,309.389587,2912.973877,-257.844879,1202.309204,2735.817139,,,,,,,,,,,,,,,,,,,
411,3.425,-162.28421,328.062012,2629.588867,11.613315,1191.402466,2756.138672,10.138627,309.145599,2913.246582,-253.032059,1202.662598,2737.643311,,,,,,,,,,,,,,,,,,,
412,3.433333,-155.747086,330.739777,2629.250732,16.336895,1192.000488,2757.099365,12.518386,308.94104,2913.50415,-248.342987,1203.157227,2739.443359,,,,,,,,,,,,,,,,,,,
413,3.441667,-149.070572,333.584747,2628.818115,20.986866,1192.683594,2758.036621,14.575829,308.763489,2913.761475,-243.772888,1203.772339,2741.224854,,,,,,,,,,,,,,,,,,,
414,3.45,-142.275421,336.558655,2628.300293,25.566664,1193.433838,2758.947021,16.339865,308.605438,2914.034424,-239.312057,1204.484253,2742.992432,,,,,,,,,,,,,,,,,,,
415,3.458333,-135.388916,339.618744,2627.711182,30.079376,1194.233643,2759.827393,17.846788,308.461945,2914.33374,-234.947388,1205.267822,2744.746582,,,,,,,,,,,,,,,,,,,
416,3.466667,-128.443817,342.719147,2627.067139,34.527336,1195.06543,2760.674316,19.133068,308.328766,2914.666504,-230.663925,1206.098755,2746.485107,,,,,,,,,,,,,,,,,,,
417,3.475,-121.477173,345.812866,2626.385498,38.911922,1195.912109,2761.486816,20.231241,308.201874,2915.031982,-226.446365,1206.9552,2748.200439,,,,,,,,,,,,,,,,,,,
418,3.483333,-114.52877,348.85376,2625.68457,43.233692,1196.758667,2762.263916,21.168823,308.077667,2915.425293,-222.280731,1207.818359,2749.884766,,,,,,,,,,,,,,,,,,,
419,3.491667,-107.639351,351.798096,2624.980225,47.492538,1197.591309,2763.006836,21.969303,307.953461,2915.83667,-218.155746,1208.673096,2751.530273,,,,,,,,,,,,,,,,,,,
420,3.5,-100.848206,354.605682,2624.287109,51.688011,1198.399292,2763.717529,22.654173,307.827698,2916.254639,-214.063766,1209.507202,2753.129883,,,,,,,,,,,,,,,,,,,
421,3.508333,-94.190414,357.241028,2623.616455,55.81966,1199.174194,2764.398438,23.244667,307.700073,2916.667236,-210.001175,1210.3125,2754.681152,,,,,,,,,,,,,,,,,,,
422,3.516667,-87.694199,359.673828,2622.976074,59.887115,1199.910278,2765.05249,23.762133,307.571228,2917.064941,-205.968033,1211.083374,2756.181641,,,,,,,,,,,,,,,,,,,
423,3.525,-81.378906,361.87912,2622.37085,63.890106,1200.60437,2765.682617,24.226801,307.442535,2917.440918,-201.967316,1211.817383,2757.631836,,,,,,,,,,,,,,,,,,,
424,3.533333,-75.254288,363.836853,2621.802734,67.828613,1201.255005,2766.291504,24.655949,307.315704,2917.790771,-198.00386,1212.513672,2759.030273,,,,,,,,,,,,,,,,,,,
425,3.541667,-69.322372,365.529755,2621.270264,71.702919,1201.862915,2766.881592,25.06251,307.192383,2918.113281,-194.083344,1213.173462,2760.377197,,,,,,,,,,,,,,,,,,,
426,3.55,-63.580959,366.940979,2620.768066,75.513557,1202.43042,2767.454102,25.454744,307.07428,2918.407715,-190.211151,1213.798462,2761.670898,,,,,,,,,,,,,,,,,,,
427,3.558333,-58.025928,368.054871,2620.290527,79.261055,1202.959717,2768.009277,25.836926,306.963104,2918.675781,-186.39183,1214.390015,2762.909668,,,,,,,,,,,,,,,,,,,
428,3.566667,-52.651852,368.860046,2619.830566,82.945908,1203.454102,2768.546387,26.210646,306.860413,2918.91748,-182.629105,1214.949951,2764.092041,,,,,,,,,,,,,,,,,,,
429,3.575,-47.45314,369.351227,2619.384033,86.568359,1203.916748,2769.064453,26.576233,306.767303,2919.133789,-178.925858,1215.479126,2765.217041,,,,,,,,,,,,,,,,,,,
430,3.583333,-42.426529,369.528503,2618.947998,90.128372,1204.350952,2769.561279,26.933815,306.684265,2919.326416,-175.284454,1215.978027,2766.283691,,,,,,,,,,,,,,,,,,,
431,3.591667,-37.572811,369.396545,2618.522705,93.62574,1204.759521,2770.034668,27.283773,306.611267,2919.495117,-171.707031,1216.446655,2767.292725,,,,,,,,,,,,,,,,,,,
432,3.6,-32.895905,368.966064,2618.110107,97.060074,1205.14502,2770.482422,27.626692,306.548096,2919.641602,-168.195404,1216.884277,2768.244385,,,,,,,,,,,,,,,,,,,
433,3.608333,-28.401297,368.255493,2617.716064,100.430748,1205.510254,2770.901855,27.963167,306.494293,2919.76709,-164.751129,1217.289429,2769.139648,,,,,,,,,,,,,,,,,,,
434,3.616667,-24.09621,367.288971,2617.348877,103.736832,1205.857422,2771.291504,28.293716,306.449402,2919.874023,-161.375824,1217.660278,2769.97998,,,,,,,,,,,,,,,,,,,
435,3.625,-19.990725,366.093201,2617.017578,106.977196,1206.188843,2771.650146,28.618702,306.412994,2919.964355,-158.071136,1217.994507,2770.766357,,,,,,,,,,,,,,,,,,,
436,3.633333,-16.098011,364.695251,2616.731934,110.150696,1206.506226,2771.976563,28.938299,306.38446,2920.04126,-154.838654,1218.288818,2771.499023,,,,,,,,,,,,,,,,,,,
437,3.641667,-12.433361,363.122589,2616.502441,113.256302,1206.811646,2772.27124,29.252613,306.363281,2920.107666,-151.679764,1218.539795,2772.177979,,,,,,,,,,,,,,,,,,,
438,3.65,-9.012903,361.40274,2616.340332,116.293129,1207.106567,2772.53418,29.561956,306.348785,2920.166016,-148.595673,1218.744385,2772.802246,,,,,,,,,,,,,,,,,,,
439,3.658333,-5.852468,359.56308,2616.256592,119.260475,1207.392334,2772.76709,29.867023,306.340363,2920.218994,-145.587173,1218.898315,2773.371094,,,,,,,,,,,,,,,,,,,
440,3.666667,-2.966354,357.630402,2616.262695,122.157852,1207.669678,2772.970947,30.169037,306.337677,2920.268311,-142.654602,1218.99707,2773.881104,,,,,,,,,,,,,,,,,,,
441,3.675,-0.365965,355.630737,2616.369629,124.984795,1207.939209,2773.147461,30.469883,306.340607,2920.315918,-139.797638,1219.035645,2774.330078,,,,,,,,,,,,,,,,,,,
442,3.683333,1.941121,353.588715,2616.588623,127.740829,1208.200439,2773.299561,30.772268,306.349365,2920.364258,-137.015457,1219.009033,2774.714844,,,,,,,,,,,,,,,,,,,
443,3.691667,3.95134,351.526794,2616.928223,130.425598,1208.452881,2773.428223,31.079643,306.364258,2920.414551,-134.306763,1218.912842,2775.033447,,,,,,,,,,,,,,,,,,,
444,3.7,5.664735,349.464966,2617.395508,133.039261,1208.696289,2773.534912,31.395979,306.38559,2920.46875,-131.670013,1218.743164,2775.283203,,,,,,,,,,,,,,,,,,,
445,3.708333,7.08479,347.420898,2617.993164,135.582565,1208.929443,2773.62085,31.725519,306.413513,2920.527832,-129.103683,1218.497314,2775.462158,,,,,,,,,,,,,,,,,,,
446,3.716667,8.219335,345.411774,2618.720215,138.056717,1209.151978,2773.685059,32.072533,306.448303,2920.591797,-126.606346,1218.17334,2775.569824,,,,,,,,,,,,,,,,,,,
447,3.725,9.081306,343.454529,2619.569824,140.463287,1209.363281,2773.726563,32.441181,306.490326,2920.659424,-124.176735,1217.770874,2775.606689,,,,,,,,,,,,,,,,,,,
448,3.733333,9.688623,341.564484,2620.528809,142.804291,1209.562988,2773.742676,32.835476,306.539917,2920.72876,-121.813797,1217.290405,2775.573242,,,,,,,,,,,,,,,,,,,
449,3.741667,10.065008,339.754883,2621.575684,145.081787,1209.751221,2773.730957,33.25948,306.597717,2920.797852,-119.516785,1216.734619,2775.472656,,,,,,,,,,,,,,,,,,,
450,3.75,10.241095,338.038177,2622.684326,147.297897,1209.928223,2773.6875,33.717369,306.664734,2920.864258,-117.285355,1216.108032,2775.308594,,,,,,,,,,,,,,,,,,,
451,3.758333,10.253504,336.425873,2623.82251,149.454636,1210.095337,2773.609131,34.213242,306.742126,2920.926025,-115.119629,1215.416748,2775.086914,,,,,,,,,,,,,,,,,,,
452,3.766667,10.143003,334.928528,2624.955078,151.553604,1210.254639,2773.492188,34.750881,306.831146,2920.981445,-113.020065,1214.6698,2774.814453,,,,,,,,,,,,,,,,,,,
453,3.775,9.952778,333.556793,2626.04541,153.596054,1210.410034,2773.33374,35.333466,306.9328,2921.028076,-110.987473,1213.878174,2774.499512,,,,,,,,,,,,,,,,,,,
454,3.783333,9.7261,332.321686,2627.057617,155.583054,1210.565796,2773.132813,35.963306,307.04776,2921.063721,-109.022926,1213.054688,2774.151611,,,,,,,,,,,,,,,,,,,
455,3.791667,9.503241,331.233582,2627.958496,157.515366,1210.728516,2772.889893,36.64172,307.176544,2921.084229,-107.127541,1212.214111,2773.78125,,,,,,,,,,,,,,,,,,,
456,3.8,9.318046,330.301453,2628.724609,159.393723,1210.905518,2772.607178,37.368893,307.319641,2921.085205,-105.302063,1211.371338,2773.399414,,,,,,,,,,,,,,,,,,,
457,3.808333,9.194786,329.530914,2629.342285,161.219116,1211.104492,2772.28833,38.143478,307.478027,2921.061035,-103.546707,1210.541504,2773.016602,,,,,,,,,,,,,,,,,,,
458,3.816667,9.146169,328.922028,2629.811523,162.993195,1211.333008,2771.938232,38.961853,307.65274,2921.006348,-101.860985,1209.737915,2772.644775,,,,,,,,,,,,,,,,,,,
459,3.825,9.173137,328.468231,2630.144043,164.71846,1211.596313,2771.563232,39.817799,307.844208,2920.918213,-100.243408,1208.970947,2772.293945,,,,,,,,,,,,,,,,,,,
460,3.833333,9.266446,328.15683,2630.362305,166.398132,1211.897461,2771.168213,40.702938,308.052185,2920.79541,-98.691208,1208.24646,2771.973389,,,,,,,,,,,,,,,,,,,
461,3.841667,9.409299,327.970428,2630.493408,168.035721,1212.235229,2770.758301,41.607437,308.275269,2920.639648,-97.200226,1207.566406,2771.689941,,,,,,,,,,,,,,,,,,,
462,3.85,9.580242,327.886993,2630.565674,169.634827,1212.604736,2770.338379,42.520439,308.511292,2920.456543,-95.764748,1206.927856,2771.44751,,,,,,,,,,,,,,,,,,,
463,3.858333,9.756487,327.880707,2630.602051,171.199112,1212.998291,2769.910889,43.430401,308.757385,2920.252441,-94.377426,1206.325684,2771.246338,,,,,,,,,,,,,,,,,,,
464,3.866667,9.918011,327.924927,2630.621094,172.731842,1213.405884,2769.478027,44.32563,309.010223,2920.033936,-93.029488,1205.752075,2771.084473,,,,,,,,,,,,,,,,,,,
465,3.875,10.05093,327.996307,2630.636475,174.236053,1213.817017,2769.041504,45.195023,309.266022,2919.808594,-91.711197,1205.198853,2770.955566,,,,,,,,,,,,,,,,,,,
466,3.883333,10.147972,328.077087,2630.656494,175.714569,1214.22168,2768.602051,46.028782,309.52066,2919.582275,-90.412132,1204.658447,2770.85083,,,,,,,,,,,,,,,,,,,
467,3.891667,10.206701,328.155243,2630.686523,177.169815,1214.610962,2768.159668,46.818756,309.769684,2919.359619,-89.121574,1204.12439,2770.76001,,,,,,,,,,,,,,,,,,,
468,3.9,10.227787,328.224243,2630.729492,178.603775,1214.977539,2767.714844,47.558563,310.008453,2919.143311,-87.829262,1203.591064,2770.672119,,,,,,,,,,,,,,,,,,,
469,3.908333,10.213955,328.282562,2630.785889,180.017883,1215.315674,2767.267578,48.243763,310.232697,2918.934082,-86.525955,1203.054565,2770.576172,,,,,,,,,,,,,,,,,,,
470,3.916667,10.168513,328.33136,2630.854248,181.413239,1215.621826,2766.818359,48.872036,310.438843,2918.732422,-85.203499,1202.512207,2770.464111,,,,,,,,,,,,,,,,,,,
471,3.925,10.094077,328.371063,2630.931885,182.790131,1215.893433,2766.368164,49.443188,310.624451,2918.537842,-83.855171,1201.962769,2770.32959,,,,,,,,,,,,,,,,,,,
472,3.933333,9.993729,328.401855,2631.013672,184.148193,1216.129639,2765.917236,49.95895,310.788391,2918.350098,-82.476532,1201.40625,2770.168213,,,,,,,,,,,,,,,,,,,
473,3.941667,9.872798,328.425415,2631.094482,185.48642,1216.331177,2765.467285,50.422741,310.930573,2918.168701,-81.066109,1200.844116,2769.97998,,,,,,,,,,,,,,,,,,,
474,3.95,9.738007,328.444427,2631.17041,186.803604,1216.499268,2765.019287,50.839417,311.052246,2917.993164,-79.62574,1200.279297,2769.764404,,,,,,,,,,,,,,,,,,,
475,3.958333,9.595428,328.460968,2631.237305,188.098557,1216.636719,2764.574463,51.214973,311.155426,2917.822754,-78.160538,1199.716064,2769.523193,,,,,,,,,,,,,,,,,,,
476,3.966667,9.449579,328.476532,2631.29248,189.370163,1216.747192,2764.134521,51.556057,311.243103,2917.657959,-76.678436,1199.158813,2769.25708,,,,,,,,,,,,,,,,,,,
477,3.975,9.30334,328.492188,2631.334961,190.617447,1216.834717,2763.700928,51.869473,311.31839,2917.497803,-75.189392,1198.612427,2768.967041,,,,,,,,,,,,,,,,,,,
478,3.983333,9.15814,328.509186,2631.365723,191.83963,1216.903564,2763.275635,52.161808,311.384552,2917.343018,-73.704445,1198.081299,2768.653809,,,,,,,,,,,,,,,,,,,
479,3.991667,9.014363,328.528503,2631.38623,193.036484,1216.958374,2762.860352,52.439201,311.444641,2917.193115,-72.234764,1197.568604,2768.318115,,,,,,,,,,,,,,,,,,,
480,4,8.87186,328.550995,2631.399414,194.208252,1217.003174,2762.456299,52.707058,311.501373,2917.048828,-70.790947,1197.077515,2767.960205,,,,,,,,,,,,,,,,,,,
481,4.008333,8.730415,328.57724,2631.407471,195.355743,1217.04126,2762.06543,52.969818,311.557068,2916.909912,-69.382309,1196.609497,2767.58252,,,,,,,,,,,,,,,,,,,
482,4.016667,8.59008,328.607544,2631.413086,196.480133,1217.075562,2761.688721,53.230957,311.613586,2916.775879,-68.016266,1196.165771,2767.186035,,,,,,,,,,,,,,,,,,,
483,4.025,8.451328,328.641998,2631.417236,197.582886,1217.108032,2761.327881,53.49313,311.672424,2916.647217,-66.697823,1195.746582,2766.772949,,,,,,,,,,,,,,,,,,,
484,4.033333,8.315117,328.680359,2631.421387,198.665482,1217.140137,2760.983398,53.758297,311.734619,2916.522949,-65.429199,1195.351318,2766.345459,,,,,,,,,,,,,,,,,,,
485,4.041667,8.18276,328.722229,2631.425293,199.729355,1217.172241,2760.655762,54.027805,311.800842,2916.402588,-64.209755,1194.978882,2765.905273,,,,,,,,,,,,,,,,,,,
486,4.05,8.055583,328.766998,2631.429443,200.775864,1217.20459,2760.344482,54.302418,311.871277,2916.2854,-63.036308,1194.627686,2765.453613,,,,,,,,,,,,,,,,,,,
487,4.058333,7.934464,328.814148,2631.43335,201.806763,1217.236816,2760.049072,54.582226,311.946045,2916.171143,-61.903664,1194.295654,2764.991455,,,,,,,,,,,,,,,,,,,
488,4.066667,7.819589,328.863129,2631.436768,202.824203,1217.268555,2759.767578,54.866692,312.024719,2916.05835,-60.805393,1193.980713,2764.519775,,,,,,,,,,,,,,,,,,,
489,4.075,7.710483,328.913452,2631.439697,203.830643,1217.300171,2759.497803,55.154739,312.106689,2915.946533,-59.734665,1193.679932,2764.038818,,,,,,,,,,,,,,,,,,,
490,4.083333,7.606149,328.964783,2631.442627,204.828644,1217.331543,2759.237549,55.445122,312.191223,2915.835449,-58.68462,1193.390503,2763.550293,,,,,,,,,,,,,,,,,,,
491,4.091667,7.505198,329.016724,2631.44458,205.820938,1217.362671,2758.983398,55.736732,312.277405,2915.724609,-57.648331,1193.108765,2763.056396,,,,,,,,,,,,,,,,,,,
492,4.1,7.405988,329.068939,2631.446777,206.810287,1217.393799,2758.732666,56.028812,312.364502,2915.61377,-56.618851,1192.831055,2762.558838,,,,,,,,,,,,,,,,,,,
