Format Version,1.22,Take Name,Walk straight ZY 2019-04-17 09.31.11 AM_043,Capture Frame Rate,120,Export Frame Rate,120,Capture Start Time,2019-04-17 09.59.03.441 上午,Total Frames in Take,390,Total Exported Frames,390,Rotation Type,XYZ,Length Units,Millimeters,Coordinate Space,Glob,,Marker,Marker,Marker,Marker,Marker,Marker,Marker,Marker,Marker,Marker,Marker,Marker
,,RTip,RTip,RTip,Trunk Front,Trunk Front,Trunk Front,LTip,LTip,LTip,Trunk Back,Trunk Back,Trunk Back,,,,,,,,,,,,,,,,,,,
,,C3EF0,C3EF0,C3EF0,C3F30,C3F30,C3F30,C3F40,C3F40,C3F40,C3FD0,C3FD0,C3FD0,,,,,,,,,,,,,,,,,,,
,,Position,Position,Position,Position,Position,Position,Position,Position,Position,Position,Position,Position,,,,,,,,,,,,,,,,,,,
Frame,Time (Seconds),X,Y,Z,X,Y,Z,X,Y,Z,X,Y,Z,,,,,,,,,,,,,,,,,,,
0,0,-125.794586,354.888092,66.842987,7.65919,1150.375366,235.962006,139.455917,367.413025,101.682129,32.951256,1108.305786,-1.879275,,,,,,,,,,,,,,,,,,,
1,0.008333,-125.749962,354.80307,66.823753,7.774982,1150.425293,236.047379,139.459717,367.338348,101.722878,32.852642,1108.269043,-1.855062,,,,,,,,,,,,,,,,,,,
2,0.016667,-125.714409,354.740356,66.826385,7.885617,1150.472778,236.131851,139.466553,367.279449,101.760284,32.756554,1108.232666,-1.829944,,,,,,,,,,,,,,,,,,,
3,0.025,-125.697884,354.724243,66.87542,7.979325,1150.509399,236.210709,139.475174,367.230957,101.794441,32.665703,1108.19751,-1.80327,,,,,,,,,,,,,,,,,,,
4,0.033333,-125.687805,354.724182,66.934738,8.051905,1150.532593,236.282059,139.487198,367.198212,101.823753,32.5821,1108.165894,-1.774743,,,,,,,,,,,,,,,,,,,
5,0.041667,-125.672119,354.708618,66.969589,8.104566,1150.545288,236.347046,139.504837,367.187592,101.846283,32.50695,1108.138916,-1.74398,,,,,,,,,,,,,,,,,,,
6,0.05,-125.661385,354.703461,67.009491,8.136802,1150.549683,236.406342,139.528122,367.197754,101.861824,32.44125,1108.117798,-1.710771,,,,,,,,,,,,,,,,,,,
7,0.058333,-125.666573,354.737701,67.085762,8.147996,1150.547241,236.460663,139.554718,367.218933,101.871788,32.38575,1108.102783,-1.675775,,,,,,,,,,,,,,,,,,,
8,0.066667,-125.676064,354.783325,67.167831,8.138119,1150.539185,236.510971,139.579559,367.22998,101.878258,32.340046,1108.094116,-1.639215,,,,,,,,,,,,,,,,,,,
9,0.075,-125.67778,354.811646,67.22596,8.10779,1150.526245,236.558197,139.6026,367.230438,101.880562,32.30262,1108.091675,-1.600382,,,,,,,,,,,,,,,,,,,
10,0.083333,-125.672745,354.825562,67.262665,8.058004,1150.509888,236.602875,139.629517,367.243439,101.876778,32.272251,1108.095947,-1.55888,,,,,,,,,,,,,,,,,,,
11,0.091667,-125.662834,354.828949,67.28009,7.989977,1150.491089,236.645828,139.660645,367.271454,101.867188,32.248169,1108.106812,-1.515037,,,,,,,,,,,,,,,,,,,
12,0.1,-125.647812,354.821838,67.278763,7.904762,1150.470703,236.687729,139.690948,367.295624,101.853828,32.22937,1108.12439,-1.469374,,,,,,,,,,,,,,,,,,,
13,0.108333,-125.626236,354.802612,67.257271,7.803331,1150.448486,236.728668,139.718994,367.308899,101.838852,32.214725,1108.14856,-1.421973,,,,,,,,,,,,,,,,,,,
14,0.116667,-125.597092,354.77066,67.213844,7.694302,1150.430298,236.772125,139.745987,367.315704,101.82399,32.202923,1108.178589,-1.372787,,,,,,,,,,,,,,,,,,,
15,0.125,-125.5718,354.753754,67.179771,7.586653,1150.422241,236.82132,139.772659,367.319244,101.810165,32.19215,1108.213379,-1.32231,,,,,,,,,,,,,,,,,,,
16,0.133333,-125.562263,354.779358,67.186661,7.47474,1150.417358,236.872131,139.799301,367.320496,101.797935,32.180416,1108.251343,-1.271694,,,,,,,,,,,,,,,,,,,
17,0.141667,-125.558167,354.820648,67.203217,7.360388,1150.415161,236.923294,139.825134,367.320282,101.787773,32.166309,1108.291016,-1.222526,,,,,,,,,,,,,,,,,,,
18,0.15,-125.550179,354.853241,67.200607,7.253334,1150.421997,236.977417,139.849426,367.319275,101.779243,32.149204,1108.331421,-1.175846,,,,,,,,,,,,,,,,,,,
19,0.158333,-125.539986,354.879425,67.182076,7.148248,1150.431641,237.031113,139.871674,367.31778,101.771996,32.128548,1108.372437,-1.13218,,,,,,,,,,,,,,,,,,,
20,0.166667,-125.528275,354.900085,67.149689,7.039056,1150.43811,237.080948,139.891678,367.31601,101.766464,32.10347,1108.412842,-1.092434,,,,,,,,,,,,,,,,,,,
21,0.175,-125.515923,354.91687,67.105637,6.927438,1150.442505,237.126953,139.909988,367.314331,101.763107,32.072853,1108.451538,-1.05738,,,,,,,,,,,,,,,,,,,
22,0.183333,-125.504059,354.930695,67.051811,6.815434,1150.445923,237.169312,139.926132,367.312744,101.761574,32.035709,1108.487427,-1.026978,,,,,,,,,,,,,,,,,,,
23,0.191667,-125.492348,354.940887,66.989349,6.70441,1150.44873,237.207932,139.939301,367.310608,101.761032,31.991594,1108.519653,-1.000596,,,,,,,,,,,,,,,,,,,
24,0.2,-125.480888,354.947479,66.9198,6.595026,1150.451172,237.242584,139.949219,367.307281,101.760796,31.940035,1108.547974,-0.97802,,,,,,,,,,,,,,,,,,,
25,0.208333,-125.47155,354.952148,66.845467,6.487776,1150.454224,237.272659,139.955627,367.302551,101.759964,31.880739,1108.571655,-0.959015,,,,,,,,,,,,,,,,,,,
26,0.216667,-125.464394,354.954437,66.767754,6.383166,1150.45874,237.297546,139.958252,367.296417,101.757469,31.813822,1108.590698,-0.942893,,,,,,,,,,,,,,,,,,,
27,0.225,-125.458954,354.953461,66.688072,6.281465,1150.464355,237.316589,139.956787,367.288452,101.752235,31.739283,1108.605835,-0.929356,,,,,,,,,,,,,,,,,,,
28,0.233333,-125.45639,354.950562,66.609619,6.183263,1150.471191,237.329697,139.951126,367.278137,101.743591,31.657106,1108.61731,-0.918717,,,,,,,,,,,,,,,,,,,
29,0.241667,-125.457375,354.947388,66.53595,6.089638,1150.47998,237.337021,139.941818,367.265594,101.731544,31.567867,1108.625122,-0.912056,,,,,,,,,,,,,,,,,,,
30,0.25,-125.461891,354.943878,66.469261,6.001025,1150.490234,237.338089,139.928741,367.25,101.715805,31.473148,1108.62915,-0.910159,,,,,,,,,,,,,,,,,,,
31,0.258333,-125.469017,354.938629,66.410416,5.918114,1150.501221,237.33255,139.91124,367.229889,101.69619,31.375099,1108.629028,-0.91312,,,,,,,,,,,,,,,,,,,
32,0.266667,-125.478447,354.932892,66.360695,5.841979,1150.513306,237.320404,139.892578,367.21463,101.671921,31.275522,1108.625,-0.921125,,,,,,,,,,,,,,,,,,,
33,0.275,-125.490936,354.928253,66.321815,5.773141,1150.527344,237.301819,139.875763,367.21347,101.641594,31.175314,1108.61731,-0.93403,,,,,,,,,,,,,,,,,,,
34,0.283333,-125.507309,354.924591,66.29483,5.712331,1150.543579,237.277878,139.8573,367.214264,101.606377,31.07456,1108.605713,-0.951143,,,,,,,,,,,,,,,,,,,
35,0.291667,-125.528351,354.922424,66.28083,5.660222,1150.5625,237.25029,139.838547,367.21759,101.567574,30.97324,1108.590332,-0.97202,,,,,,,,,,,,,,,,,,,
36,0.3,-125.554291,354.922394,66.280365,5.617218,1150.585205,237.219803,139.824402,367.235809,101.525391,30.871655,1108.571533,-0.996677,,,,,,,,,,,,,,,,,,,
37,0.308333,-125.584763,354.92337,66.292435,5.58354,1150.611206,237.18602,139.811707,367.25824,101.481323,30.769953,1108.549194,-1.024443,,,,,,,,,,,,,,,,,,,
38,0.316667,-125.618698,354.923096,66.315201,5.559204,1150.639893,237.148254,139.796799,367.27359,101.436417,30.668207,1108.52417,-1.054555,,,,,,,,,,,,,,,,,,,
39,0.325,-125.654877,354.920959,66.346817,5.544824,1150.671143,237.105728,139.779449,367.281799,101.39064,30.566442,1108.497314,-1.087424,,,,,,,,,,,,,,,,,,,
40,0.333333,-125.692383,354.916748,66.384827,5.540647,1150.704834,237.057648,139.759445,367.282806,101.344383,30.464701,1108.469116,-1.123432,,,,,,,,,,,,,,,,,,,
41,0.341667,-125.729713,354.908997,66.426743,5.54547,1150.741333,237.003937,139.736374,367.275818,101.298813,30.363831,1108.439819,-1.16241,,,,,,,,,,,,,,,,,,,
42,0.35,-125.765709,354.89743,66.47068,5.558043,1150.78064,236.94577,139.710312,367.259399,101.255264,30.264832,1108.409058,-1.204479,,,,,,,,,,,,,,,,,,,
43,0.358333,-125.800163,354.884094,66.515755,5.577194,1150.823242,236.884811,139.681732,367.231934,101.214584,30.168186,1108.376099,-1.249499,,,,,,,,,,,,,,,,,,,
44,0.366667,-125.832214,354.869812,66.560837,5.601149,1150.869263,236.821884,139.650436,367.190552,101.176941,30.074038,1108.341064,-1.296601,,,,,,,,,,,,,,,,,,,
45,0.375,-125.860748,354.85379,66.60437,5.6286,1150.918579,236.75737,139.618179,367.141022,101.140961,29.982924,1108.303467,-1.344993,,,,,,,,,,,,,,,,,,,
46,0.383333,-125.886337,354.837372,66.646179,5.65907,1150.970825,236.692657,139.589645,367.099609,101.104172,29.896236,1108.263794,-1.394142,,,,,,,,,,,,,,,,,,,
47,0.391667,-125.909286,354.822418,66.685684,5.691853,1151.025146,236.628784,139.566299,367.073334,101.065742,29.814909,1108.223022,-1.443755,,,,,,,,,,,,,,,,,,,
48,0.4,-125.928535,354.808777,66.720894,5.725605,1151.0802,236.565933,139.546951,367.059601,101.026428,29.739319,1108.181885,-1.493995,,,,,,,,,,,,,,,,,,,
49,0.408333,-125.944,354.796936,66.750954,5.759489,1151.13501,236.504303,139.53183,367.056396,100.986816,29.670086,1108.141113,-1.544682,,,,,,,,,,,,,,,,,,,
50,0.416667,-125.956909,354.7883,66.776123,5.793383,1151.188965,236.443863,139.521408,367.062836,100.947662,29.60844,1108.101074,-1.595218,,,,,,,,,,,,,,,,,,,
51,0.425,-125.968666,354.783539,66.796913,5.82668,1151.241699,236.384445,139.516312,367.079651,100.910065,29.555819,1108.062256,-1.645106,,,,,,,,,,,,,,,,,,,
52,0.433333,-125.979576,354.782135,66.813553,5.858269,1151.29248,236.325974,139.516907,367.108032,100.874771,29.512814,1108.02417,-1.693562,,,,,,,,,,,,,,,,,,,
53,0.441667,-125.988991,354.782104,66.82579,5.886844,1151.340942,236.268417,139.5224,367.148499,100.842323,29.479723,1107.986938,-1.739843,,,,,,,,,,,,,,,,,,,
54,0.45,-125.997292,354.78244,66.833847,5.911695,1151.387451,236.212204,139.532349,367.202362,100.812744,29.456543,1107.951416,-1.783571,,,,,,,,,,,,,,,,,,,
55,0.458333,-126.005363,354.783447,66.838707,5.932828,1151.432495,236.157974,139.545044,367.262482,100.787056,29.442673,1107.917358,-1.824705,,,,,,,,,,,,,,,,,,,
56,0.466667,-126.013489,354.784607,66.841339,5.949624,1151.476807,236.105957,139.556915,367.312683,100.768044,29.438314,1107.884766,-1.863073,,,,,,,,,,,,,,,,,,,
57,0.475,-126.021248,354.785095,66.841728,5.961018,1151.520996,236.056458,139.566238,367.34671,100.756981,29.444157,1107.854492,-1.897815,,,,,,,,,,,,,,,,,,,
58,0.483333,-126.027496,354.785034,66.838951,5.966564,1151.56543,236.009781,139.573166,367.367523,100.753517,29.460239,1107.827026,-1.928189,,,,,,,,,,,,,,,,,,,
59,0.491667,-126.031578,354.784363,66.831978,5.96639,1151.611206,235.9664,139.57811,367.378082,100.757156,29.485859,1107.802612,-1.954065,,,,,,,,,,,,,,,,,,,
60,0.5,-126.032669,354.782532,66.819916,5.9606,1151.659668,235.926956,139.58136,367.380615,100.766846,29.520163,1107.781494,-1.975671,,,,,,,,,,,,,,,,,,,
61,0.508333,-126.029282,354.77951,66.80249,5.949332,1151.71167,235.891983,139.583481,367.377106,100.781761,29.562029,1107.763672,-1.993034,,,,,,,,,,,,,,,,,,,
62,0.516667,-126.021385,354.776337,66.779961,5.932657,1151.767822,235.861603,139.585327,367.369324,100.801674,29.61017,1107.748657,-2.005919,,,,,,,,,,,,,,,,,,,
63,0.525,-126.010361,354.774139,66.75296,5.910737,1151.828369,235.835419,139.587082,367.358215,100.826454,29.664574,1107.736084,-2.014444,,,,,,,,,,,,,,,,,,,
64,0.533333,-125.99707,354.772858,66.722076,5.884162,1151.893799,235.813141,139.58844,367.343597,100.85585,29.724958,1107.726196,-2.018745,,,,,,,,,,,,,,,,,,,
65,0.541667,-125.982506,354.772614,66.687965,5.853516,1151.963745,235.794876,139.589493,367.324646,100.889435,29.789888,1107.718506,-2.018777,,,,,,,,,,,,,,,,,,,
66,0.55,-125.968056,354.775604,66.651932,5.819211,1152.037598,235.780136,139.589783,367.299866,100.926514,29.858187,1107.713257,-2.014553,,,,,,,,,,,,,,,,,,,
67,0.558333,-125.954285,354.782562,66.615135,5.781497,1152.114746,235.768066,139.590881,367.277527,100.964874,29.928844,1107.710571,-2.006169,,,,,,,,,,,,,,,,,,,
68,0.566667,-125.941086,354.791199,66.57769,5.740939,1152.193848,235.758148,139.594727,367.266083,101.002144,30.001247,1107.710327,-1.994317,,,,,,,,,,,,,,,,,,,
69,0.575,-125.929298,354.800964,66.539886,5.698765,1152.273926,235.750427,139.59726,367.252625,101.038773,30.075533,1107.712158,-1.979439,,,,,,,,,,,,,,,,,,,
70,0.583333,-125.919968,354.813019,66.502708,5.656678,1152.353271,235.745621,139.597076,367.235046,101.074112,30.152102,1107.71521,-1.961046,,,,,,,,,,,,,,,,,,,
71,0.591667,-125.912621,354.825348,66.466515,5.61611,1152.431152,235.744156,139.596466,367.221558,101.105919,30.230656,1107.718872,-1.938212,,,,,,,,,,,,,,,,,,,
72,0.6,-125.906334,354.835419,66.431145,5.577785,1152.507446,235.745941,139.591766,367.198181,101.134995,30.310074,1107.722656,-1.910141,,,,,,,,,,,,,,,,,,,
73,0.608333,-125.901344,354.843414,66.396774,5.542805,1152.582642,235.751358,139.580978,367.161224,101.161034,30.389257,1107.727051,-1.87631,,,,,,,,,,,,,,,,,,,
74,0.616667,-125.898109,354.849213,66.363289,5.512949,1152.657471,235.760956,139.567612,367.12793,101.180656,30.467789,1107.732422,-1.835747,,,,,,,,,,,,,,,,,,,
75,0.625,-125.896156,354.851807,66.329773,5.489141,1152.732056,235.77536,139.55304,367.105591,101.191711,30.546,1107.73877,-1.788113,,,,,,,,,,,,,,,,,,,
76,0.633333,-125.895531,354.851471,66.295677,5.471448,1152.806396,235.795059,139.536453,367.092346,101.193596,30.624235,1107.745972,-1.733918,,,,,,,,,,,,,,,,,,,
77,0.641667,-125.897255,354.850067,66.261917,5.460443,1152.881714,235.820053,139.518188,367.087891,101.186241,30.702442,1107.754517,-1.673524,,,,,,,,,,,,,,,,,,,
78,0.65,-125.901817,354.848114,66.228951,5.456572,1152.957886,235.849777,139.49942,367.092468,101.170334,30.77972,1107.764038,-1.607984,,,,,,,,,,,,,,,,,,,
79,0.658333,-125.909058,354.845032,66.195763,5.460108,1153.033813,235.883453,139.48143,367.106323,101.147415,30.855051,1107.774658,-1.539802,,,,,,,,,,,,,,,,,,,
80,0.666667,-125.919014,354.840515,66.162071,5.471635,1153.108276,235.920288,139.46582,367.132294,101.119392,30.928331,1107.786987,-1.471651,,,,,,,,,,,,,,,,,,,
81,0.675,-125.931458,354.834625,66.1278,5.490972,1153.180786,235.959442,139.454025,367.173889,101.087784,30.999285,1107.80188,-1.405407,,,,,,,,,,,,,,,,,,,
82,0.683333,-125.946045,354.827759,66.092514,5.516641,1153.251221,235.999756,139.443436,367.222473,101.054169,31.066935,1107.820557,-1.342828,,,,,,,,,,,,,,,,,,,
83,0.691667,-125.96254,354.820984,66.056564,5.547287,1153.318604,236.040634,139.431305,367.27002,101.019402,31.12985,1107.843506,-1.284622,,,,,,,,,,,,,,,,,,,
84,0.7,-125.981049,354.814728,66.020615,5.582347,1153.383667,236.082474,139.418579,367.320679,100.984055,31.187397,1107.869873,-1.229555,,,,,,,,,,,,,,,,,,,
85,0.708333,-126.001183,354.80777,65.984825,5.620961,1153.446777,236.125824,139.404266,367.367493,100.950966,31.240185,1107.898804,-1.176178,,,,,,,,,,,,,,,,,,,
86,0.716667,-126.022011,354.798462,65.948929,5.661937,1153.508301,236.170746,139.386276,367.401733,100.922623,31.288319,1107.93042,-1.123841,,,,,,,,,,,,,,,,,,,
87,0.725,-126.043571,354.78772,65.912788,5.704654,1153.568237,236.217514,139.364136,367.423676,100.89994,31.331316,1107.964478,-1.071674,,,,,,,,,,,,,,,,,,,
88,0.733333,-126.066254,354.777313,65.875801,5.748641,1153.627808,236.266266,139.33786,367.433746,100.883415,31.369061,1108.001465,-1.018718,,,,,,,,,,,,,,,,,,,
89,0.741667,-126.089287,354.766663,65.836151,5.792426,1153.687134,236.31604,139.306793,367.431458,100.872124,31.401962,1108.04187,-0.964433,,,,,,,,,,,,,,,,,,,
90,0.75,-126.11087,354.754272,65.791817,5.834432,1153.746704,236.366211,139.268784,367.414337,100.863922,31.430487,1108.086304,-0.908553,,,,,,,,,,,,,,,,,,,
91,0.758333,-126.130356,354.740448,65.741798,5.873754,1153.807251,236.416779,139.2229,367.379578,100.855789,31.454348,1108.135132,-0.851342,,,,,,,,,,,,,,,,,,,
92,0.766667,-126.148399,354.726593,65.686501,5.909479,1153.869263,236.467178,139.17247,367.334595,100.844215,31.473152,1108.188599,-0.793617,,,,,,,,,,,,,,,,,,,
93,0.775,-126.16478,354.712616,65.626686,5.94098,1153.932739,236.516968,139.123016,367.296204,100.826118,31.48691,1108.247192,-0.736389,,,,,,,,,,,,,,,,,,,
94,0.783333,-126.179947,354.698578,65.562981,5.968224,1153.997437,236.566498,139.077011,367.271332,100.799751,31.495623,1108.311035,-0.680535,,,,,,,,,,,,,,,,,,,
95,0.791667,-126.19445,354.685516,65.495735,5.991604,1154.063599,236.616455,139.034805,367.25766,100.764885,31.500031,1108.380615,-0.627109,,,,,,,,,,,,,,,,,,,
96,0.8,-126.208183,354.674011,65.425201,6.01124,1154.131104,236.667175,138.997513,367.253906,100.722855,31.501163,1108.456299,-0.577341,,,,,,,,,,,,,,,,,,,
97,0.808333,-126.222061,354.664734,65.351624,6.026418,1154.198486,236.718414,138.9655,367.258667,100.675514,31.499577,1108.538086,-0.531963,,,,,,,,,,,,,,,,,,,
98,0.816667,-126.236618,354.658508,65.274925,6.036842,1154.265747,236.770279,138.938324,367.270447,100.624146,31.496008,1108.625122,-0.490882,,,,,,,,,,,,,,,,,,,
99,0.825,-126.251892,354.655426,65.195244,6.042881,1154.333008,236.822861,138.916107,367.289093,100.569962,31.491272,1108.715454,-0.45287,,,,,,,,,,,,,,,,,,,
100,0.833333,-126.26767,354.654633,65.112823,6.044455,1154.400757,236.876038,138.89917,367.31604,100.514519,31.485439,1108.806641,-0.416231,,,,,,,,,,,,,,,,,,,
101,0.841667,-126.284317,354.65564,65.028038,6.040963,1154.46936,236.93071,138.886978,367.353699,100.458687,31.478588,1108.896851,-0.379518,,,,,,,,,,,,,,,,,,,
102,0.85,-126.301643,354.657776,64.941093,6.032234,1154.539795,236.987747,138.878418,367.405518,100.403641,31.471725,1108.984863,-0.3415,,,,,,,,,,,,,,,,,,,
103,0.858333,-126.317543,354.659241,64.851128,6.01847,1154.612915,237.046539,138.870789,367.46463,100.351959,31.466206,1109.069458,-0.301968,,,,,,,,,,,,,,,,,,,
104,0.866667,-126.3302,354.658539,64.757187,5.999547,1154.688354,237.106049,138.860382,367.515045,100.307007,31.463049,1109.151001,-0.261367,,,,,,,,,,,,,,,,,,,
105,0.875,-126.338707,354.654816,64.658669,5.975816,1154.76709,237.16571,138.845978,367.550751,100.270432,31.4627,1109.229736,-0.220299,,,,,,,,,,,,,,,,,,,
106,0.883333,-126.342728,354.647675,64.554955,5.94766,1154.849243,237.224899,138.827881,367.574829,100.24099,31.464777,1109.306885,-0.180179,,,,,,,,,,,,,,,,,,,
107,0.891667,-126.342194,354.637085,64.446007,5.914777,1154.935181,237.282837,138.806412,367.590546,100.217545,31.46863,1109.383545,-0.142532,,,,,,,,,,,,,,,,,,,
108,0.9,-126.336891,354.622284,64.332939,5.877717,1155.024536,237.339142,138.782562,367.600616,100.199173,31.473145,1109.460449,-0.107952,,,,,,,,,,,,,,,,,,,
109,0.908333,-126.326981,354.601227,64.217079,5.837936,1155.118042,237.394012,138.757828,367.607086,100.184036,31.476982,1109.538818,-0.077011,,,,,,,,,,,,,,,,,,,
110,0.916667,-126.312912,354.572052,64.098976,5.796988,1155.215088,237.447433,138.73407,367.612274,100.170845,31.479921,1109.620483,-0.050468,,,,,,,,,,,,,,,,,,,
111,0.925,-126.294952,354.532898,63.978172,5.75607,1155.315674,237.498779,138.711639,367.617218,100.158958,31.482115,1109.706421,-0.028254,,,,,,,,,,,,,,,,,,,
112,0.933333,-126.282097,354.507507,63.881287,5.716139,1155.419434,237.547256,138.690002,367.621765,100.147713,31.483912,1109.796875,-0.009603,,,,,,,,,,,,,,,,,,,
113,0.941667,-126.283424,354.521332,63.835003,5.679,1155.525879,237.5923,138.66983,367.626709,100.137459,31.485792,1109.891724,0.006891,,,,,,,,,,,,,,,,,,,
114,0.95,-126.29081,354.549866,63.811138,5.646756,1155.636108,237.633652,138.651077,367.633057,100.128471,31.486847,1109.990112,0.0224,,,,,,,,,,,,,,,,,,,
115,0.958333,-126.296593,354.570068,63.782902,5.620648,1155.750488,237.671722,138.632431,367.640228,100.119942,31.485933,1110.091553,0.037104,,,,,,,,,,,,,,,,,,,
116,0.966667,-126.301956,354.585297,63.75161,5.601168,1155.869141,237.70697,138.613571,367.647461,100.11203,31.483133,1110.195801,0.051202,,,,,,,,,,,,,,,,,,,
117,0.975,-126.3078,354.596832,63.717186,5.588697,1155.991455,237.739746,138.594391,367.654449,100.105385,31.478193,1110.302368,0.064903,,,,,,,,,,,,,,,,,,,
118,0.983333,-126.314445,354.604645,63.678844,5.583723,1156.117188,237.770477,138.573669,367.660553,100.099693,31.46936,1110.411377,0.077957,,,,,,,,,,,,,,,,,,,
119,0.991667,-126.322227,354.608765,63.636497,5.586518,1156.246338,237.799759,138.550812,367.66568,100.094284,31.454336,1110.522461,0.090217,,,,,,,,,,,,,,,,,,,
120,1,-126.331329,354.608337,63.59026,5.597151,1156.378174,237.828171,138.525726,367.669464,100.088272,31.431862,1110.634888,0.101596,,,,,,,,,,,,,,,,,,,
121,1.008333,-126.341209,354.602631,63.539928,5.615128,1156.512451,237.856339,138.497284,367.671326,100.080345,31.40131,1110.748413,0.112349,,,,,,,,,,,,,,,,,,,
122,1.016667,-126.351433,354.592133,63.485279,5.639509,1156.649292,237.885269,138.465149,367.671356,100.069572,31.362272,1110.862671,0.122768,,,,,,,,,,,,,,,,,,,
123,1.025,-126.36097,354.575287,63.424759,5.669049,1156.787476,237.915237,138.430115,367.669983,100.055161,31.314955,1110.977417,0.132547,,,,,,,,,,,,,,,,,,,
124,1.033333,-126.36879,354.549805,63.355335,5.702319,1156.925903,237.945435,138.392761,367.667969,100.035896,31.259474,1111.093506,0.14113,,,,,,,,,,,,,,,,,,,
125,1.041667,-126.374977,354.51474,63.27401,5.738953,1157.063477,237.975235,138.353973,367.666046,100.010635,31.195927,1111.211304,0.14747,,,,,,,,,,,,,,,,,,,
126,1.05,-126.378891,354.468201,63.177986,5.779212,1157.199585,238.004471,138.314331,367.663757,99.978287,31.125416,1111.331299,0.150351,,,,,,,,,,,,,,,,,,,
127,1.058333,-126.379326,354.406433,63.064045,5.822373,1157.334106,238.033127,138.274597,367.66095,99.937553,31.049524,1111.453125,0.149106,,,,,,,,,,,,,,,,,,,
128,1.066667,-126.374451,354.324738,62.927982,5.867358,1157.467041,238.06163,138.236404,367.658447,99.887794,30.97023,1111.574951,0.143377,,,,,,,,,,,,,,,,,,,
129,1.075,-126.370682,354.24292,62.79248,5.913932,1157.599121,238.090744,138.200897,367.656799,99.828896,30.889793,1111.695679,0.133169,,,,,,,,,,,,,,,,,,,
130,1.083333,-126.375542,354.180634,62.679283,5.961595,1157.730713,238.120651,138.168259,367.655884,99.760521,30.808659,1111.814209,0.119633,,,,,,,,,,,,,,,,,,,
131,1.091667,-126.387131,354.13147,62.581375,6.008961,1157.861694,238.150528,138.137939,367.655121,99.682686,30.726421,1111.929688,0.10453,,,,,,,,,,,,,,,,,,,
132,1.1,-126.412216,354.118164,62.521832,6.055326,1157.992676,238.179535,138.10878,367.653961,99.59581,30.64402,1112.041016,0.088598,,,,,,,,,,,,,,,,,,,
133,1.108333,-126.450508,354.142822,62.499081,6.100718,1158.123657,238.207794,138.080276,367.652008,99.500687,30.562172,1112.148071,0.071517,,,,,,,,,,,,,,,,,,,
134,1.116667,-126.493484,354.183075,62.485573,6.144848,1158.253906,238.235092,138.051605,367.647797,99.397659,30.480387,1112.250854,0.052726,,,,,,,,,,,,,,,,,,,
135,1.125,-126.542061,354.243591,62.484711,6.187001,1158.38269,238.260193,138.021667,367.640106,99.28656,30.397516,1112.350342,0.030736,,,,,,,,,,,,,,,,,,,
136,1.133333,-126.589386,354.305267,62.475639,6.225937,1158.509399,238.28183,137.990433,367.628448,99.168503,30.312191,1112.447998,0.003796,,,,,,,,,,,,,,,,,,,
137,1.141667,-126.628998,354.349609,62.438873,6.26067,1158.633301,238.29892,137.957962,367.610718,99.045212,30.223511,1112.544556,-0.029343,,,,,,,,,,,,,,,,,,,
138,1.15,-126.662788,354.381165,62.381668,6.290606,1158.75293,238.310257,137.923767,367.583771,98.917381,30.131271,1112.641479,-0.070055,,,,,,,,,,,,,,,,,,,
139,1.158333,-126.692429,354.402008,62.310062,6.315171,1158.867065,238.315094,137.888046,367.545258,98.786217,30.035536,1112.73999,-0.118697,,,,,,,,,,,,,,,,,,,
140,1.166667,-126.719193,354.414154,62.229183,6.333791,1158.97644,238.313126,137.85463,367.504364,98.653519,29.936752,1112.840942,-0.17446,,,,,,,,,,,,,,,,,,,
141,1.175,-126.743614,354.418945,62.1427,6.345543,1159.080688,238.304001,137.829147,367.480652,98.519943,29.836208,1112.944092,-0.236156,,,,,,,,,,,,,,,,,,,
142,1.183333,-126.765877,354.416962,62.052109,6.349487,1159.179932,238.287323,137.814194,367.483246,98.386887,29.735271,1113.04895,-0.302291,,,,,,,,,,,,,,,,,,,
143,1.191667,-126.786072,354.410339,61.957287,6.352372,1159.281006,238.266647,137.793808,367.480438,98.250076,29.634399,1113.154541,-0.371248,,,,,,,,,,,,,,,,,,,
144,1.2,-126.804413,354.401825,61.856861,6.361027,1159.390991,238.245987,137.751221,367.439758,98.104973,29.533587,1113.26062,-0.441381,,,,,,,,,,,,,,,,,,,
145,1.208333,-126.820145,354.392853,61.748653,6.367864,1159.504272,238.222809,137.702591,367.391571,97.960167,29.433323,1113.366577,-0.51098,,,,,,,,,,,,,,,,,,,
146,1.216667,-126.831306,354.384277,61.631042,6.366162,1159.615112,238.194122,137.663849,367.365967,97.82399,29.334318,1113.471313,-0.579302,,,,,,,,,,,,,,,,,,,
147,1.225,-126.836967,354.377106,61.502815,6.35622,1159.724609,238.159515,137.633682,367.361053,97.698112,29.237198,1113.574097,-0.647022,,,,,,,,,,,,,,,,,,,
148,1.233333,-126.837868,354.372009,61.363441,6.336901,1159.833618,238.118851,137.610947,367.375519,97.583694,29.142576,1113.674438,-0.715104,,,,,,,,,,,,,,,,,,,
149,1.241667,-126.834839,354.368164,61.214184,6.307286,1159.943115,238.072861,137.595459,367.410583,97.481049,29.05081,1113.771118,-0.784949,,,,,,,,,,,,,,,,,,,
150,1.25,-126.828346,354.364746,61.058281,6.267688,1160.053955,238.022522,137.585632,367.45813,97.390373,28.961884,1113.86377,-0.858506,,,,,,,,,,,,,,,,,,,
151,1.258333,-126.820236,354.361969,60.900406,6.218595,1160.16626,237.968445,137.57663,367.499268,97.311066,28.875715,1113.952148,-0.937605,,,,,,,,,,,,,,,,,,,
152,1.266667,-126.81517,354.361267,60.746433,6.160012,1160.280518,237.910278,137.564453,367.526215,97.241035,28.792543,1114.0354,-1.023322,,,,,,,,,,,,,,,,,,,
153,1.275,-126.818092,354.364502,60.603287,6.091704,1160.396484,237.847488,137.547806,367.542389,97.177422,28.712782,1114.113403,-1.115745,,,,,,,,,,,,,,,,,,,
154,1.283333,-126.831902,354.373047,60.477894,6.014078,1160.51416,237.780243,137.526718,367.549744,97.116394,28.636677,1114.187256,-1.214468,,,,,,,,,,,,,,,,,,,
155,1.291667,-126.858604,354.386902,60.375904,5.927974,1160.633545,237.709061,137.501099,367.548309,97.054024,28.564043,1114.258545,-1.319174,,,,,,,,,,,,,,,,,,,
156,1.3,-126.897652,354.40332,60.300476,5.834195,1160.754883,237.634995,137.470825,367.537292,96.987244,28.494663,1114.329468,-1.429595,,,,,,,,,,,,,,,,,,,
157,1.308333,-126.94487,354.417969,60.252399,5.733173,1160.879761,237.559891,137.437439,367.515228,96.914398,28.428436,1114.4021,-1.544429,,,,,,,,,,,,,,,,,,,
158,1.316667,-126.996399,354.429077,60.230698,5.624897,1161.009644,237.485199,137.404572,367.489868,96.834534,28.365141,1114.477783,-1.661747,,,,,,,,,,,,,,,,,,,
159,1.325,-127.05024,354.437286,60.232193,5.509351,1161.145874,237.411346,137.37648,367.477966,96.746445,28.305031,1114.557739,-1.780336,,,,,,,,,,,,,,,,,,,
160,1.333333,-127.106178,354.444031,60.251896,5.385799,1161.288208,237.337692,137.354935,367.484924,96.650963,28.249218,1114.643066,-1.899488,,,,,,,,,,,,,,,,,,,
161,1.341667,-127.165123,354.450745,60.285091,5.253163,1161.435913,237.262939,137.339584,367.506775,96.550499,28.198629,1114.734619,-2.018437,,,,,,,,,,,,,,,,,,,
162,1.35,-127.227768,354.457611,60.3283,5.110179,1161.587891,237.185608,137.330017,367.541595,96.447502,28.153383,1114.83252,-2.136355,,,,,,,,,,,,,,,,,,,
163,1.358333,-127.294136,354.463348,60.378445,4.955412,1161.742188,237.104767,137.324417,367.588013,96.344635,28.113661,1114.935547,-2.252021,,,,,,,,,,,,,,,,,,,
164,1.366667,-127.364037,354.467346,60.433186,4.788763,1161.897827,237.020294,137.319977,367.64447,96.243973,28.079826,1115.042358,-2.363873,,,,,,,,,,,,,,,,,,,
165,1.375,-127.436043,354.46933,60.490547,4.6107,1162.052734,236.932724,137.314804,367.711151,96.147484,28.051546,1115.151001,-2.470202,,,,,,,,,,,,,,,,,,,
166,1.383333,-127.507446,354.467834,60.54718,4.421757,1162.205078,236.842209,137.308212,367.790466,96.056931,28.027592,1115.259277,-2.569797,,,,,,,,,,,,,,,,,,,
167,1.391667,-127.576752,354.462708,60.599342,4.223765,1162.351807,236.74794,137.298859,367.875092,95.972733,28.006393,1115.364258,-2.662639,,,,,,,,,,,,,,,,,,,
168,1.4,-127.643066,354.454895,60.644054,4.026083,1162.49707,236.651855,137.284836,367.948822,95.895058,27.986042,1115.463989,-2.749112,,,,,,,,,,,,,,,,,,,
169,1.408333,-127.703949,354.443665,60.678722,3.844738,1162.6521,236.55899,137.265976,368.006927,95.824547,27.964632,1115.556885,-2.82975,,,,,,,,,,,,,,,,,,,
170,1.416667,-127.757179,354.42807,60.701866,3.681762,1162.817017,236.468475,137.243591,368.053925,95.761757,27.94059,1115.641968,-2.905348,,,,,,,,,,,,,,,,,,,
171,1.425,-127.802116,354.408203,60.713593,3.525571,1162.979126,236.37413,137.218384,368.092163,95.707237,27.912464,1115.719238,-2.977703,,,,,,,,,,,,,,,,,,,
172,1.433333,-127.838326,354.38327,60.714005,3.371639,1163.133057,236.273117,137.190262,368.122681,95.660751,27.878733,1115.789307,-3.049281,,,,,,,,,,,,,,,,,,,
173,1.441667,-127.864433,354.351379,60.702393,3.221494,1163.279785,236.16539,137.160278,368.147522,95.621902,27.837517,1115.852417,-3.122543,,,,,,,,,,,,,,,,,,,
174,1.45,-127.890289,354.305023,60.672207,3.075873,1163.421143,236.051056,137.129959,368.169678,95.591248,27.78734,1115.909058,-3.200269,,,,,,,,,,,,,,,,,,,
175,1.458333,-127.926338,354.235565,60.615398,2.934373,1163.558228,235.930756,137.099762,368.189972,95.568748,27.72691,1115.959961,-3.284745,,,,,,,,,,,,,,,,,,,
176,1.466667,-127.969948,354.17038,60.560963,2.795659,1163.692017,235.805756,137.070114,368.208466,95.553596,27.655422,1116.006226,-3.378002,,,,,,,,,,,,,,,,,,,
177,1.475,-128.019455,354.138275,60.539097,2.659054,1163.823486,235.67804,137.041428,368.225739,95.545021,27.573565,1116.049194,-3.481719,,,,,,,,,,,,,,,,,,,
178,1.483333,-128.066147,354.110168,60.519958,2.52426,1163.953125,235.549347,137.013535,368.241943,95.542374,27.482557,1116.0896,-3.596532,,,,,,,,,,,,,,,,,,,
179,1.491667,-128.10022,354.055511,60.472126,2.389928,1164.080322,235.419647,136.986191,368.256866,95.545425,27.384712,1116.127686,-3.7223,,,,,,,,,,,,,,,,,,,
180,1.5,-128.129395,353.995636,60.418186,2.253834,1164.204102,235.287674,136.959244,368.27124,95.554329,27.283491,1116.163086,-3.858155,,,,,,,,,,,,,,,,,,,
181,1.508333,-128.170471,353.97995,60.409698,2.114461,1164.324829,235.152603,136.932617,368.28598,95.569176,27.182102,1116.196045,-4.001822,,,,,,,,,,,,,,,,,,,
182,1.516667,-128.223404,354.009644,60.446053,1.970982,1164.443115,235.014084,136.905991,368.301178,95.589462,27.08289,1116.226318,-4.149544,,,,,,,,,,,,,,,,,,,
183,1.525,-128.271057,354.035583,60.473362,1.822509,1164.559448,234.872086,136.878876,368.316315,95.614456,26.986622,1116.253906,-4.297884,,,,,,,,,,,,,,,,,,,
184,1.533333,-128.305984,354.035187,60.466381,1.668919,1164.674194,234.728073,136.851227,368.331268,95.644142,26.893681,1116.27771,-4.444049,,,,,,,,,,,,,,,,,,,
185,1.541667,-128.328613,354.010468,60.426224,1.510958,1164.787842,234.58461,136.8228,368.345856,95.678955,26.804241,1116.297729,-4.585511,,,,,,,,,,,,,,,,,,,
186,1.55,-128.336914,353.959717,60.350533,1.349075,1164.901367,234.44368,136.79332,368.359253,95.718765,26.716621,1116.313965,-4.72094,,,,,,,,,,,,,,,,,,,
187,1.558333,-128.338562,353.906372,60.264706,1.183479,1165.015015,234.306564,136.762833,368.371613,95.762856,26.628754,1116.32666,-4.850018,,,,,,,,,,,,,,,,,,,
188,1.566667,-128.342499,353.873871,60.194969,1.015255,1165.12915,234.174042,136.731628,368.383667,95.810486,26.538984,1116.336182,-4.973379,,,,,,,,,,,,,,,,,,,
189,1.575,-128.338242,353.832367,60.110004,0.845828,1165.244141,234.047134,136.699936,368.39566,95.861145,26.445686,1116.343262,-5.092318,,,,,,,,,,,,,,,,,,,
190,1.583333,-128.324219,353.778015,60.008488,0.675526,1165.359131,233.927231,136.667831,368.406921,95.914482,26.348631,1116.3479,-5.207675,,,,,,,,,,,,,,,,,,,
191,1.591667,-128.319427,353.762238,59.949436,0.50439,1165.4729,233.814636,136.636292,368.417603,95.970299,26.248814,1116.35022,-5.319604,,,,,,,,,,,,,,,,,,,
192,1.6,-128.335342,353.814331,59.967247,0.332356,1165.584961,233.70816,136.606354,368.428192,96.028252,26.147276,1116.349365,-5.428185,,,,,,,,,,,,,,,,,,,
193,1.608333,-128.375366,353.907806,60.03521,0.158655,1165.694336,233.605698,136.57756,368.43866,96.088074,26.04525,1116.345093,-5.533745,,,,,,,,,,,,,,,,,,,
194,1.616667,-128.432556,353.989258,60.096416,-0.018013,1165.801392,233.5056,136.549118,368.448914,96.15004,25.94451,1116.336426,-5.635734,,,,,,,,,,,,,,,,,,,
195,1.625,-128.488388,354.042572,60.134628,-0.199084,1165.907227,233.407715,136.521317,368.459351,96.214195,25.847118,1116.323608,-5.733008,,,,,,,,,,,,,,,,,,,
196,1.633333,-128.53476,354.078552,60.161541,-0.385429,1166.012573,233.312698,136.494354,368.469177,96.279762,25.753605,1116.306396,-5.824409,,,,,,,,,,,,,,,,,,,
197,1.641667,-128.573227,354.10022,60.179077,-0.57793,1166.117065,233.221634,136.46698,368.477295,96.346367,25.663002,1116.285156,-5.908631,,,,,,,,,,,,,,,,,,,
198,1.65,-128.60527,354.109406,60.186756,-0.777574,1166.220215,233.135529,136.438858,368.483521,96.414276,25.574636,1116.260864,-5.985049,,,,,,,,,,,,,,,,,,,
199,1.658333,-128.633255,354.10907,60.18359,-0.984969,1166.321777,233.053894,136.410767,368.488586,96.483673,25.487963,1116.234375,-6.053627,,,,,,,,,,,,,,,,,,,
200,1.666667,-128.657608,354.100891,60.167442,-1.200072,1166.420044,232.975525,136.382614,368.492615,96.554573,25.402687,1116.206787,-6.114913,,,,,,,,,,,,,,,,,,,
201,1.675,-128.677078,354.083221,60.135288,-1.422498,1166.512939,232.899338,136.35379,368.494385,96.62677,25.318506,1116.178467,-6.170217,,,,,,,,,,,,,,,,,,,
202,1.683333,-128.691956,354.054138,60.084988,-1.651643,1166.598633,232.824112,136.324005,368.492249,96.699593,25.23513,1116.150879,-6.220675,,,,,,,,,,,,,,,,,,,
203,1.691667,-128.703339,354.012939,60.014732,-1.886386,1166.675537,232.748627,136.292282,368.484314,96.772835,25.152906,1116.124756,-6.26709,,,,,,,,,,,,,,,,,,,
204,1.7,-128.712082,353.95639,59.921265,-2.119317,1166.746582,232.675262,136.257507,368.468781,96.848068,25.072208,1116.101074,-6.310261,,,,,,,,,,,,,,,,,,,
205,1.708333,-128.716751,353.876465,59.799267,-2.336526,1166.821167,232.610336,136.221786,368.45462,96.926064,24.993355,1116.079834,-6.350874,,,,,,,,,,,,,,,,,,,
206,1.716667,-128.712341,353.762482,59.641026,-2.531825,1166.903931,232.556793,136.186768,368.450562,97.00618,24.917425,1116.060669,-6.389128,,,,,,,,,,,,,,,,,,,
207,1.725,-128.703506,353.630005,59.46653,-2.707227,1166.995117,232.513657,136.151947,368.455109,97.088737,24.845881,1116.043457,-6.424456,,,,,,,,,,,,,,,,,,,
208,1.733333,-128.70546,353.521759,59.324368,-2.863853,1167.094482,232.479446,136.118057,368.467468,97.1745,24.77944,1116.028198,-6.455837,,,,,,,,,,,,,,,,,,,
209,1.741667,-128.723602,353.453247,59.233192,-3.001541,1167.203613,232.453476,136.086227,368.488342,97.264618,24.717823,1116.014893,-6.482039,,,,,,,,,,,,,,,,,,,
210,1.75,-128.754807,353.41629,59.184216,-3.126979,1167.319336,232.433029,136.057388,368.519684,97.360123,24.660522,1116.00354,-6.501923,,,,,,,,,,,,,,,,,,,
211,1.758333,-128.796707,353.407166,59.171665,-3.246424,1167.438232,232.41629,136.029617,368.552765,97.462212,24.607086,1115.994141,-6.51495,,,,,,,,,,,,,,,,,,,
212,1.766667,-128.846863,353.42334,59.191982,-3.358842,1167.563477,232.404587,136.000626,368.578339,97.571075,24.557013,1115.985962,-6.521344,,,,,,,,,,,,,,,,,,,
213,1.775,-128.905426,353.466064,59.246468,-3.470701,1167.690918,232.395752,135.970139,368.598328,97.684654,24.509867,1115.97876,-6.522105,,,,,,,,,,,,,,,,,,,
214,1.783333,-128.975235,353.541748,59.341232,-3.588415,1167.815918,232.387192,135.938507,368.615692,97.800842,24.465321,1115.972168,-6.518609,,,,,,,,,,,,,,,,,,,
215,1.791667,-129.05928,353.659058,59.4846,-3.710391,1167.938843,232.379105,135.905167,368.631622,97.917938,24.423586,1115.966675,-6.512143,,,,,,,,,,,,,,,,,,,
216,1.8,-129.150955,353.801331,59.657131,-3.834719,1168.058716,232.371857,135.869171,368.646088,98.035896,24.384968,1115.962769,-6.503776,,,,,,,,,,,,,,,,,,,
217,1.808333,-129.233902,353.925598,59.80957,-3.960445,1168.175171,232.365463,135.831909,368.6604,98.157051,24.349403,1115.960938,-6.494091,,,,,,,,,,,,,,,,,,,
218,1.816667,-129.302765,354.016205,59.921745,-4.087213,1168.287109,232.35968,135.794708,368.675446,98.282951,24.317377,1115.96167,-6.483861,,,,,,,,,,,,,,,,,,,
219,1.825,-129.361572,354.08252,60.002064,-4.214754,1168.394897,232.354324,135.757294,368.689911,98.413139,24.289618,1115.964966,-6.47377,,,,,,,,,,,,,,,,,,,
220,1.833333,-129.412064,354.129852,60.056732,-4.341904,1168.498535,232.34938,135.718811,368.703156,98.546066,24.265999,1115.970825,-6.463746,,,,,,,,,,,,,,,,,,,
221,1.841667,-129.456131,354.162598,60.090275,-4.466938,1168.59729,232.345123,135.678909,368.715546,98.679817,24.246069,1115.978638,-6.453682,,,,,,,,,,,,,,,,,,,
222,1.85,-129.496048,354.184479,60.105644,-4.589261,1168.691406,232.341904,135.637451,368.7276,98.812523,24.229483,1115.987183,-6.443378,,,,,,,,,,,,,,,,,,,
223,1.858333,-129.532684,354.197144,60.105595,-4.709072,1168.780884,232.340225,135.59407,368.739197,98.942062,24.215923,1115.995483,-6.432343,,,,,,,,,,,,,,,,,,,
224,1.866667,-129.566574,354.201782,60.092899,-4.827009,1168.866577,232.340683,135.549057,368.75058,99.066055,24.20533,1116.002686,-6.420294,,,,,,,,,,,,,,,,,,,
225,1.875,-129.599243,354.200226,60.069645,-4.943777,1168.948608,232.343567,135.503052,368.762115,99.183167,24.198086,1116.007935,-6.406911,,,,,,,,,,,,,,,,,,,
226,1.883333,-129.630676,354.192535,60.037067,-5.058904,1169.027588,232.349106,135.456619,368.773346,99.292877,24.194468,1116.010498,-6.391621,,,,,,,,,,,,,,,,,,,
227,1.891667,-129.65921,354.177124,59.995773,-5.17121,1169.103638,232.357544,135.410934,368.783844,99.394173,24.194078,1116.009277,-6.374044,,,,,,,,,,,,,,,,,,,
228,1.9,-129.684235,354.152893,59.946293,-5.28051,1169.176392,232.369202,135.366928,368.79425,99.486481,24.196516,1116.003906,-6.354047,,,,,,,,,,,,,,,,,,,
229,1.908333,-129.706757,354.1203,59.888615,-5.387258,1169.245117,232.383545,135.324738,368.805542,99.569572,24.201857,1115.994873,-6.332141,,,,,,,,,,,,,,,,,,,
230,1.916667,-129.725616,354.077515,59.820389,-5.491339,1169.310181,232.399734,135.284042,368.817352,99.642509,24.209774,1115.982544,-6.309147,,,,,,,,,,,,,,,,,,,
231,1.925,-129.748627,354.048218,59.768055,-5.592399,1169.372314,232.417694,135.244446,368.829224,99.704422,24.219385,1115.967041,-6.285319,,,,,,,,,,,,,,,,,,,
232,1.933333,-129.785583,354.059082,59.760174,-5.690349,1169.431885,232.437241,135.206985,368.841217,99.75576,24.229851,1115.948486,-6.260705,,,,,,,,,,,,,,,,,,,
233,1.941667,-129.826584,354.084961,59.767654,-5.785533,1169.488892,232.458176,135.172287,368.853668,99.797112,24.240353,1115.927124,-6.235694,,,,,,,,,,,,,,,,,,,
234,1.95,-129.861465,354.101868,59.762508,-5.877472,1169.543701,232.481018,135.139404,368.865692,99.828217,24.250681,1115.90332,-6.210846,,,,,,,,,,,,,,,,,,,
235,1.958333,-129.8909,354.112488,59.746567,-5.964763,1169.596558,232.506104,135.108383,368.87677,99.84951,24.260918,1115.877686,-6.186473,,,,,,,,,,,,,,,,,,,
236,1.966667,-129.915283,354.117645,59.720215,-6.046584,1169.647705,232.53302,135.079956,368.887665,99.862236,24.270708,1115.849609,-6.16219,,,,,,,,,,,,,,,,,,,
237,1.975,-129.933929,354.11792,59.683334,-6.122024,1169.696777,232.561035,135.053986,368.898499,99.867165,24.279779,1115.81897,-6.13751,,,,,,,,,,,,,,,,,,,
238,1.983333,-129.94754,354.114777,59.636642,-6.190282,1169.744019,232.589401,135.030258,368.908478,99.865074,24.288218,1115.786377,-6.112925,,,,,,,,,,,,,,,,,,,
239,1.991667,-129.95668,354.108063,59.580708,-6.250658,1169.788574,232.617233,135.009033,368.917328,99.856712,24.296417,1115.753052,-6.088989,,,,,,,,,,,,,,,,,,,
240,2,-129.961655,354.09787,59.516087,-6.302274,1169.829712,232.643768,134.990662,368.925995,99.843163,24.304728,1115.719604,-6.065649,,,,,,,,,,,,,,,,,,,
241,2.008333,-129.963699,354.084534,59.443634,-6.344975,1169.867676,232.668488,134.97496,368.934875,99.826149,24.313547,1115.685791,-6.043327,,,,,,,,,,,,,,,,,,,
242,2.016667,-129.962189,354.065552,59.362492,-6.378144,1169.902466,232.691162,134.961411,368.943115,99.806664,24.323734,1115.651855,-6.022498,,,,,,,,,,,,,,,,,,,
243,2.025,-129.955521,354.038116,59.269947,-6.401027,1169.934448,232.712524,134.949707,368.950623,99.785393,24.336075,1115.617554,-6.00291,,,,,,,,,,,,,,,,,,,
244,2.033333,-129.943451,354.000488,59.16267,-6.414054,1169.963867,232.733795,134.940613,368.958252,99.763962,24.350746,1115.583374,-5.984369,,,,,,,,,,,,,,,,,,,
245,2.041667,-129.924591,353.948639,59.035995,-6.417973,1169.991577,232.756409,134.934814,368.965912,99.743904,24.367718,1115.549805,-5.966382,,,,,,,,,,,,,,,,,,,
246,2.05,-129.904724,353.902344,58.911724,-6.41345,1170.017944,232.781631,134.9319,368.97226,99.72583,24.387545,1115.516968,-5.947772,,,,,,,,,,,,,,,,,,,
247,2.058333,-129.890228,353.88269,58.812954,-6.400852,1170.042725,232.810608,134.931961,368.976807,99.710625,24.411089,1115.485474,-5.927902,,,,,,,,,,,,,,,,,,,
248,2.066667,-129.869797,353.859436,58.709,-6.380563,1170.065918,232.844025,134.935257,368.979584,99.699142,24.440037,1115.455811,-5.906215,,,,,,,,,,,,,,,,,,,
249,2.075,-129.831665,353.80011,58.567764,-6.353465,1170.087158,232.88176,134.941284,368.979462,99.691063,24.476303,1115.428223,-5.881561,,,,,,,,,,,,,,,,,,,
250,2.083333,-129.781219,353.721649,58.409397,-6.320657,1170.105957,232.923172,134.949463,368.976044,99.685371,24.520578,1115.4021,-5.852695,,,,,,,,,,,,,,,,,,,
251,2.091667,-129.732956,353.667206,58.280708,-6.283055,1170.122803,232.967834,134.960022,368.97052,99.68071,24.573139,1115.377441,-5.818194,,,,,,,,,,,,,,,,,,,
252,2.1,-129.68512,353.630432,58.174473,-6.241014,1170.137817,233.015945,134.973587,368.963562,99.676308,24.633863,1115.354492,-5.777349,,,,,,,,,,,,,,,,,,,
253,2.108333,-129.628067,353.580627,58.057335,-6.194649,1170.150879,233.068024,134.990189,368.954712,99.671715,24.702374,1115.33313,-5.730391,,,,,,,,,,,,,,,,,,,
254,2.116667,-129.569351,353.539124,57.95137,-6.143597,1170.162231,233.124359,135.009888,368.943756,99.665955,24.778633,1115.312256,-5.677729,,,,,,,,,,,,,,,,,,,
255,2.125,-129.514542,353.526001,57.877422,-6.087281,1170.171509,233.184723,135.033234,368.93103,99.658562,24.862654,1115.290527,-5.619642,,,,,,,,,,,,,,,,,,,
256,2.133333,-129.460419,353.536133,57.82975,-6.025896,1170.177979,233.248413,135.060043,368.916718,99.649879,24.953989,1115.267456,-5.556613,,,,,,,,,,,,,,,,,,,
257,2.141667,-129.406784,353.569061,57.807224,-5.960082,1170.180786,233.314957,135.089523,368.900909,99.640053,25.052109,1115.244019,-5.489589,,,,,,,,,,,,,,,,,,,
258,2.15,-129.355484,353.628387,57.812824,-5.890431,1170.180298,233.384445,135.121872,368.88385,99.629204,25.157194,1115.221558,-5.419127,,,,,,,,,,,,,,,,,,,
259,2.158333,-129.307755,353.719269,57.851749,-5.817401,1170.177002,233.457001,135.157791,368.865753,99.617737,25.268644,1115.200195,-5.345437,,,,,,,,,,,,,,,,,,,
260,2.166667,-129.255646,353.822266,57.903435,-5.741419,1170.170776,233.532928,135.197693,368.846466,99.605637,25.385077,1115.180054,-5.269038,,,,,,,,,,,,,,,,,,,
261,2.175,-129.193771,353.920746,57.95015,-5.663093,1170.161499,233.612457,135.242386,368.82608,99.592949,25.50555,1115.161133,-5.190637,,,,,,,,,,,,,,,,,,,
262,2.183333,-129.127151,354.026672,58.002716,-5.582976,1170.148926,233.695526,135.292084,368.805115,99.579758,25.628803,1115.143433,-5.110792,,,,,,,,,,,,,,,,,,,
263,2.191667,-129.050201,354.124207,58.04158,-5.501299,1170.133057,233.782227,135.34552,368.783234,99.564713,25.753578,1115.125732,-5.029688,,,,,,,,,,,,,,,,,,,
264,2.2,-128.956589,354.195099,58.046246,-5.418513,1170.114502,233.872787,135.401367,368.759979,99.546402,25.879833,1115.107422,-4.946495,,,,,,,,,,,,,,,,,,,
265,2.208333,-128.84935,354.245514,58.023689,-5.33538,1170.093994,233.967194,135.459473,368.736053,99.524826,26.008581,1115.087524,-4.859385,,,,,,,,,,,,,,,,,,,
266,2.216667,-128.73085,354.279114,57.978458,-5.253163,1170.072388,234.064774,135.519852,368.712067,99.499657,26.1415,1115.065308,-4.767051,,,,,,,,,,,,,,,,,,,
267,2.225,-128.601974,354.295959,57.913086,-5.173032,1170.049805,234.164673,135.581863,368.687378,99.470123,26.279982,1115.040283,-4.669025,,,,,,,,,,,,,,,,,,,
268,2.233333,-128.462799,354.29425,57.828888,-5.094781,1170.026123,234.266602,135.64537,368.661041,99.436134,26.424049,1115.013184,-4.564948,,,,,,,,,,,,,,,,,,,
269,2.241667,-128.312897,354.270844,57.724976,-5.018105,1170.001587,234.370178,135.711334,368.632355,99.398537,26.572912,1114.984863,-4.454523,,,,,,,,,,,,,,,,,,,
270,2.25,-128.159851,354.247284,57.625244,-4.943094,1169.977661,234.475739,135.780609,368.601349,99.359344,26.725906,1114.957275,-4.337558,,,,,,,,,,,,,,,,,,,
271,2.258333,-128.020874,354.27182,57.581905,-4.869802,1169.954956,234.584259,135.85289,368.56778,99.320656,26.883066,1114.931763,-4.214291,,,,,,,,,,,,,,,,,,,
272,2.266667,-127.897324,354.346252,57.596432,-4.798591,1169.93335,234.69606,135.927383,368.530487,99.283669,27.044111,1114.90979,-4.085677,,,,,,,,,,,,,,,,,,,
273,2.275,-127.774376,354.4245,57.618099,-4.729879,1169.911743,234.810806,136.003174,368.488007,99.24897,27.207624,1114.8927,-3.95332,,,,,,,,,,,,,,,,,,,
274,2.283333,-127.646667,354.487,57.623688,-4.663924,1169.889282,234.927811,136.078796,368.438477,99.216843,27.371893,1114.880859,-3.819382,,,,,,,,,,,,,,,,,,,
275,2.291667,-127.517166,354.538605,57.616066,-4.600655,1169.865112,235.045898,136.152985,368.379242,99.187279,27.535345,1114.874634,-3.685465,,,,,,,,,,,,,,,,,,,
276,2.3,-127.389442,354.583984,57.597141,-4.539737,1169.838745,235.164078,136.226501,368.3172,99.159286,27.697247,1114.873779,-3.551933,,,,,,,,,,,,,,,,,,,
277,2.308333,-127.26651,354.627045,57.568455,-4.480887,1169.810059,235.282028,136.302063,368.270081,99.131432,27.857298,1114.876587,-3.419096,,,,,,,,,,,,,,,,,,,
278,2.316667,-127.149147,354.669128,57.531872,-4.423319,1169.778809,235.399673,136.380402,368.246185,99.103294,28.014919,1114.88147,-3.287457,,,,,,,,,,,,,,,,,,,
279,2.325,-127.036957,354.710449,57.49007,-4.365539,1169.745972,235.517349,136.458389,368.233643,99.07576,28.169275,1114.887817,-3.157271,,,,,,,,,,,,,,,,,,,
280,2.333333,-126.928864,354.750763,57.445835,-4.306207,1169.71228,235.635452,136.533752,368.221527,99.049255,28.319454,1114.89502,-3.028767,,,,,,,,,,,,,,,,,,,
281,2.341667,-126.824554,354.789551,57.40192,-4.244279,1169.678467,235.754608,136.607697,368.221649,99.020401,28.465586,1114.903687,-2.902015,,,,,,,,,,,,,,,,,,,
282,2.35,-126.724167,354.826233,57.360569,-4.178889,1169.645142,235.876022,136.67926,368.236267,98.985443,28.608356,1114.914795,-2.776602,,,,,,,,,,,,,,,,,,,
283,2.358333,-126.627312,354.85965,57.322586,-4.109311,1169.61377,236.000809,136.745651,368.247192,98.943535,28.74795,1114.929321,-2.651786,,,,,,,,,,,,,,,,,,,
284,2.366667,-126.534164,354.88974,57.287689,-4.03516,1169.584595,236.129257,136.806656,368.246704,98.894241,28.884451,1114.947632,-2.527414,,,,,,,,,,,,,,,,,,,
285,2.375,-126.445305,354.917603,57.255459,-3.956657,1169.558105,236.261124,136.863098,368.236908,98.837509,29.01799,1114.969727,-2.403863,,,,,,,,,,,,,,,,,,,
286,2.383333,-126.360046,354.943085,57.224621,-3.874082,1169.533936,236.395859,136.914764,368.217621,98.774483,29.148712,1114.996094,-2.281714,,,,,,,,,,,,,,,,,,,
287,2.391667,-126.277298,354.965576,57.193111,-3.787316,1169.512085,236.532257,136.96138,368.187286,98.707375,29.277178,1115.026611,-2.161939,,,,,,,,,,,,,,,,,,,
288,2.4,-126.196815,354.985901,57.159569,-3.696564,1169.491455,236.6689,137.006302,368.154877,98.638062,29.404119,1115.059326,-2.045134,,,,,,,,,,,,,,,,,,,
289,2.408333,-126.118065,355.004181,57.123043,-3.602682,1169.471069,236.804901,137.051941,368.127899,98.567802,29.529112,1115.092163,-1.931719,,,,,,,,,,,,,,,,,,,
290,2.416667,-126.040611,355.019897,57.082565,-3.506504,1169.449829,236.939163,137.094513,368.090881,98.499313,29.650909,1115.123047,-1.822425,,,,,,,,,,,,,,,,,,,
291,2.425,-125.964523,355.033264,57.037395,-3.40883,1169.426514,237.070526,137.132843,368.039703,98.43364,29.769354,1115.150513,-1.717734,,,,,,,,,,,,,,,,,,,
292,2.433333,-125.890511,355.045624,56.98727,-3.309935,1169.401001,237.198547,137.170853,367.992554,98.368141,29.884764,1115.17334,-1.617029,,,,,,,,,,,,,,,,,,,
293,2.441667,-125.819397,355.05719,56.931877,-3.209434,1169.373047,237.323441,137.210373,367.956146,98.301201,29.996584,1115.190796,-1.519391,,,,,,,,,,,,,,,,,,,
294,2.45,-125.751152,355.066498,56.870899,-3.107504,1169.342651,237.44606,137.250305,367.926392,98.233368,30.104595,1115.203491,-1.424802,,,,,,,,,,,,,,,,,,,
295,2.458333,-125.685211,355.073059,56.804573,-3.004387,1169.310181,237.567337,137.289581,367.900696,98.164894,30.209589,1115.211792,-1.332969,,,,,,,,,,,,,,,,,,,
296,2.466667,-125.621002,355.077972,56.733521,-2.899476,1169.276489,237.687927,137.327499,367.87796,98.096123,30.312237,1115.216553,-1.24296,,,,,,,,,,,,,,,,,,,
297,2.475,-125.557991,355.08136,56.658413,-2.792634,1169.242432,237.808136,137.363663,367.857605,98.027733,30.412613,1115.217285,-1.153992,,,,,,,,,,,,,,,,,,,
298,2.483333,-125.496239,355.08197,56.579803,-2.684618,1169.207642,237.927078,137.398788,367.840027,97.960213,30.510862,1115.215332,-1.06584,,,,,,,,,,,,,,,,,,,
299,2.491667,-125.436546,355.079742,56.498497,-2.576092,1169.172607,238.043671,137.434402,367.827026,97.89402,30.607307,1115.211792,-0.979027,,,,,,,,,,,,,,,,,,,
300,2.5,-125.37825,355.074341,56.41436,-2.467566,1169.137329,238.157578,137.470825,367.819702,97.828674,30.701916,1115.207886,-0.893957,,,,,,,,,,,,,,,,,,,
301,2.508333,-125.318573,355.062561,56.325546,-2.360283,1169.102661,238.268707,137.507004,367.818176,97.763199,30.793856,1115.204102,-0.810983,,,,,,,,,,,,,,,,,,,
302,2.516667,-125.255882,355.040649,56.229969,-2.256663,1169.06958,238.376343,137.542206,367.823547,97.697418,30.882338,1115.200928,-0.731312,,,,,,,,,,,,,,,,,,,
303,2.525,-125.190048,355.007111,56.125729,-2.159295,1169.038696,238.47995,137.576263,367.838318,97.631317,30.967237,1115.198608,-0.655702,,,,,,,,,,,,,,,,,,,
304,2.533333,-125.119659,354.958649,56.009476,-2.069532,1169.010254,238.579742,137.609543,367.865936,97.564537,31.048117,1115.197388,-0.584303,,,,,,,,,,,,,,,,,,,
305,2.541667,-125.051247,354.914642,55.903458,-1.98715,1168.983643,238.675751,137.640717,367.899078,97.497475,31.124868,1115.197754,-0.517533,,,,,,,,,,,,,,,,,,,
306,2.55,-125.003067,354.924866,55.861183,-1.911712,1168.958252,238.767502,137.668991,367.931824,97.431328,31.197971,1115.199829,-0.455196,,,,,,,,,,,,,,,,,,,
307,2.558333,-124.977898,354.99231,55.88562,-1.84274,1168.934082,238.855133,137.696762,367.969666,97.366783,31.267673,1115.203247,-0.39662,,,,,,,,,,,,,,,,,,,
308,2.566667,-124.957558,355.066528,55.923424,-1.779453,1168.911011,238.939056,137.724426,368.006012,97.304245,31.334412,1115.20752,-0.34136,,,,,,,,,,,,,,,,,,,
309,2.575,-124.932289,355.123657,55.948925,-1.721314,1168.887939,239.01976,137.750885,368.03244,97.243652,31.398699,1115.211914,-0.289067,,,,,,,,,,,,,,,,,,,
310,2.583333,-124.903801,355.168396,55.964882,-1.66729,1168.864746,239.098022,137.775818,368.050964,97.184608,31.461283,1115.215576,-0.239155,,,,,,,,,,,,,,,,,,,
311,2.591667,-124.87394,355.20517,55.972565,-1.616687,1168.841797,239.174438,137.798431,368.063843,97.126442,31.523451,1115.217407,-0.190779,,,,,,,,,,,,,,,,,,,
312,2.6,-124.843948,355.237335,55.972172,-1.56971,1168.819824,239.249115,137.81778,368.072388,97.068375,31.586033,1115.216797,-0.143567,,,,,,,,,,,,,,,,,,,
313,2.608333,-124.814049,355.266388,55.963345,-1.525764,1168.798584,239.321991,137.833878,368.076904,97.010406,31.64867,1115.212646,-0.097777,,,,,,,,,,,,,,,,,,,
314,2.616667,-124.784019,355.293213,55.945583,-1.483677,1168.778442,239.392761,137.84726,368.076721,96.953156,31.710585,1115.204224,-0.053275,,,,,,,,,,,,,,,,,,,
315,2.625,-124.754181,355.319641,55.918915,-1.442924,1168.759399,239.460938,137.858978,368.071594,96.897713,31.771711,1115.191284,-0.009242,,,,,,,,,,,,,,,,,,,
316,2.633333,-124.725388,355.34613,55.88401,-1.403591,1168.741577,239.526489,137.869659,368.060364,96.845108,31.832256,1115.174927,0.034859,,,,,,,,,,,,,,,,,,,
317,2.641667,-124.698502,355.372223,55.842293,-1.365142,1168.725098,239.589722,137.880417,368.051514,96.7957,31.891338,1115.155518,0.078891,,,,,,,,,,,,,,,,,,,
318,2.65,-124.674408,355.398163,55.795757,-1.326766,1168.710449,239.650482,137.892883,368.055664,96.750481,31.948246,1115.134033,0.122607,,,,,,,,,,,,,,,,,,,
319,2.658333,-124.653351,355.422546,55.746101,-1.28854,1168.697998,239.708435,137.90712,368.062958,96.712097,32.00272,1115.111206,0.165567,,,,,,,,,,,,,,,,,,,
320,2.666667,-124.635117,355.444,55.695446,-1.250462,1168.6875,239.763687,137.922745,368.072296,96.682579,32.05431,1115.087646,0.206972,,,,,,,,,,,,,,,,,,,
321,2.675,-124.620026,355.463196,55.646137,-1.212265,1168.679077,239.816345,137.93924,368.094055,96.662682,32.103035,1115.06311,0.246251,,,,,,,,,,,,,,,,,,,
322,2.683333,-124.608223,355.481232,55.598682,-1.173921,1168.672607,239.866089,137.955917,368.118988,96.653297,32.148056,1115.037476,0.283164,,,,,,,,,,,,,,,,,,,
323,2.691667,-124.598663,355.498322,55.551918,-1.135085,1168.666992,239.913162,137.971344,368.138123,96.653923,32.187775,1115.011475,0.317335,,,,,,,,,,,,,,,,,,,
324,2.7,-124.589821,355.513855,55.504478,-1.095136,1168.662354,239.958115,137.982834,368.152618,96.661713,32.22094,1114.985596,0.348298,,,,,,,,,,,,,,,,,,,
325,2.708333,-124.57991,355.52771,55.455257,-1.054062,1168.658081,240.001328,137.989639,368.163879,96.673431,32.24688,1114.960815,0.375775,,,,,,,,,,,,,,,,,,,
326,2.716667,-124.568451,355.540588,55.403988,-1.01208,1168.654419,240.043228,137.992706,368.173279,96.686691,32.265862,1114.936646,0.39988,,,,,,,,,,,,,,,,,,,
327,2.725,-124.557091,355.553345,55.351948,-0.968634,1168.650269,240.08432,137.992218,368.181,96.699448,32.278366,1114.912598,0.421163,,,,,,,,,,,,,,,,,,,
328,2.733333,-124.547234,355.565186,55.301102,-0.923296,1168.646118,240.125488,137.98819,368.187347,96.71067,32.284794,1114.888672,0.439944,,,,,,,,,,,,,,,,,,,
329,2.741667,-124.539169,355.574677,55.253048,-0.876133,1168.642334,240.167038,137.981384,368.193085,96.720093,32.286064,1114.865112,0.456164,,,,,,,,,,,,,,,,,,,
330,2.75,-124.532944,355.581055,55.208599,-0.827261,1168.638428,240.208725,137.972687,368.197876,96.727417,32.283787,1114.841675,0.470045,,,,,,,,,,,,,,,,,,,
331,2.758333,-124.529274,355.583984,55.167877,-0.776734,1168.634155,240.250946,137.962692,368.200562,96.732506,32.279427,1114.818604,0.482132,,,,,,,,,,,,,,,,,,,
332,2.766667,-124.528877,355.584259,55.130135,-0.724312,1168.62915,240.294281,137.951218,368.200745,96.735634,32.273685,1114.79541,0.49324,,,,,,,,,,,,,,,,,,,
333,2.775,-124.531082,355.582458,55.093674,-0.670072,1168.623413,240.33876,137.938202,368.198517,96.737366,32.267231,1114.771851,0.504037,,,,,,,,,,,,,,,,,,,
334,2.783333,-124.535263,355.578949,55.056408,-0.6145,1168.616211,240.384018,137.924133,368.193817,96.737595,32.260521,1114.74707,0.514526,,,,,,,,,,,,,,,,,,,
335,2.791667,-124.540543,355.575073,55.016438,-0.558005,1168.607056,240.42952,137.908798,368.186371,96.735123,32.252907,1114.720825,0.524954,,,,,,,,,,,,,,,,,,,
336,2.8,-124.545288,355.571899,54.972878,-0.500572,1168.595459,240.474548,137.892151,368.176147,96.728485,32.24342,1114.692993,0.535401,,,,,,,,,,,,,,,,,,,
337,2.808333,-124.549255,355.56955,54.926197,-0.441483,1168.581299,240.518463,137.874878,368.162781,96.717316,32.23156,1114.663696,0.545272,,,,,,,,,,,,,,,,,,,
338,2.816667,-124.552635,355.567261,54.877995,-0.38009,1168.563965,240.560989,137.857147,368.144531,96.702171,32.216831,1114.632324,0.554463,,,,,,,,,,,,,,,,,,,
339,2.825,-124.556122,355.564789,54.830402,-0.316954,1168.543335,240.6017,137.838303,368.11731,96.682671,32.199268,1114.598877,0.562978,,,,,,,,,,,,,,,,,,,
340,2.833333,-124.559731,355.56192,54.784069,-0.253239,1168.519531,240.640213,137.818604,368.087891,96.657936,32.179665,1114.563721,0.570359,,,,,,,,,,,,,,,,,,,
341,2.841667,-124.561768,355.556976,54.738243,-0.189838,1168.492432,240.676346,137.799515,368.074158,96.628769,32.158443,1114.527466,0.576386,,,,,,,,,,,,,,,,,,,
342,2.85,-124.562706,355.549622,54.692787,-0.127044,1168.462402,240.710052,137.781952,368.083832,96.597237,32.135292,1114.490112,0.581097,,,,,,,,,,,,,,,,,,,
343,2.858333,-124.564697,355.542175,54.647995,-0.064378,1168.429199,240.741608,137.765808,368.106201,96.564972,32.109718,1114.451782,0.584718,,,,,,,,,,,,,,,,,,,
344,2.866667,-124.567963,355.536072,54.603352,-0.001546,1168.3927,240.770447,137.750305,368.132385,96.532181,32.080685,1114.412964,0.587842,,,,,,,,,,,,,,,,,,,
345,2.875,-124.571289,355.53067,54.55806,0.060802,1168.352417,240.795837,137.734909,368.164276,96.498451,32.046654,1114.374512,0.590754,,,,,,,,,,,,,,,,,,,
346,2.883333,-124.574821,355.52536,54.512684,0.12252,1168.30896,240.817749,137.719177,368.19455,96.463753,32.006622,1114.33728,0.593058,,,,,,,,,,,,,,,,,,,
347,2.891667,-124.579292,355.520264,54.46875,0.184239,1168.262939,240.836411,137.703537,368.216492,96.42878,31.960691,1114.302124,0.594485,,,,,,,,,,,,,,,,,,,
348,2.9,-124.584038,355.515442,54.427467,0.245554,1168.215088,240.852371,137.689041,368.232788,96.393738,31.910114,1114.269531,0.594887,,,,,,,,,,,,,,,,,,,
349,2.908333,-124.588539,355.510681,54.389622,0.306057,1168.166382,240.86673,137.675766,368.244904,96.358063,31.856369,1114.239624,0.594124,,,,,,,,,,,,,,,,,,,
350,2.916667,-124.592422,355.505615,54.35561,0.365598,1168.11853,240.880371,137.663406,368.253632,96.321854,31.800673,1114.211914,0.59248,,,,,,,,,,,,,,,,,,,
351,2.925,-124.595169,355.500397,54.32579,0.423642,1168.072021,240.893494,137.652115,368.25946,96.285652,31.744371,1114.185425,0.58986,,,,,,,,,,,,,,,,,,,
352,2.933333,-124.597099,355.494843,54.300629,0.480304,1168.027222,240.906097,137.642563,368.263824,96.250389,31.688314,1114.159302,0.585803,,,,,,,,,,,,,,,,,,,
353,2.941667,-124.598991,355.488495,54.280727,0.535708,1167.984863,240.918167,137.634781,368.267578,96.216202,31.632603,1114.133179,0.580241,,,,,,,,,,,,,,,,,,,
354,2.95,-124.601707,355.481964,54.267021,0.589494,1167.94519,240.929703,137.627869,368.270477,96.181755,31.576834,1114.105591,0.573284,,,,,,,,,,,,,,,,,,,
355,2.958333,-124.605789,355.475586,54.260429,0.641229,1167.909058,240.940765,137.621368,368.272491,96.146599,31.520742,1114.076782,0.564853,,,,,,,,,,,,,,,,,,,
356,2.966667,-124.612022,355.46933,54.261959,0.691219,1167.876221,240.951416,137.615463,368.273804,96.111282,31.465479,1114.047241,0.55441,,,,,,,,,,,,,,,,,,,
357,2.975,-124.620712,355.463287,54.271782,0.739805,1167.846436,240.961456,137.610306,368.274628,96.076355,31.412262,1114.017212,0.541578,,,,,,,,,,,,,,,,,,,
358,2.983333,-124.630798,355.457306,54.288818,0.786891,1167.81897,240.970718,137.605957,368.274902,96.042,31.360865,1113.986084,0.526503,,,,,,,,,,,,,,,,,,,
359,2.991667,-124.641525,355.451416,54.311722,0.832869,1167.793457,240.979431,137.601944,368.274719,96.00779,31.310898,1113.953125,0.509561,,,,,,,,,,,,,,,,,,,
360,3,-124.652489,355.445648,54.338989,0.877824,1167.769409,240.988022,137.598175,368.274597,95.973488,31.263168,1113.917847,0.49125,,,,,,,,,,,,,,,,,,,
361,3.008333,-124.664383,355.440399,54.369808,0.921846,1167.745972,240.996475,137.595001,368.274872,95.939285,31.219137,1113.880859,0.472156,,,,,,,,,,,,,,,,,,,
362,3.016667,-124.678398,355.436615,54.40411,0.96498,1167.722778,241.004547,137.592453,368.275391,95.904793,31.179829,1113.842773,0.453272,,,,,,,,,,,,,,,,,,,
363,3.025,-124.693771,355.434082,54.441372,1.006877,1167.700195,241.012329,137.591171,368.275909,95.869423,31.145559,1113.803345,0.435604,,,,,,,,,,,,,,,,,,,
364,3.033333,-124.708878,355.430878,54.480431,1.047569,1167.677612,241.020065,137.591751,368.276337,95.833206,31.116055,1113.762817,0.419418,,,,,,,,,,,,,,,,,,,
365,3.041667,-124.723228,355.425751,54.520077,1.087515,1167.655029,241.027756,137.593506,368.276703,95.796326,31.090441,1113.721436,0.404826,,,,,,,,,,,,,,,,,,,
366,3.05,-124.737213,355.419922,54.559776,1.127313,1167.631714,241.035675,137.596115,368.277313,95.758987,31.068266,1113.679688,0.392608,,,,,,,,,,,,,,,,,,,
367,3.058333,-124.750984,355.41452,54.598843,1.167325,1167.60791,241.044144,137.599503,368.27829,95.721146,31.049494,1113.637573,0.383566,,,,,,,,,,,,,,,,,,,
368,3.066667,-124.764015,355.408813,54.635742,1.207896,1167.58374,241.053253,137.602585,368.279083,95.682426,31.033255,1113.595093,0.377935,,,,,,,,,,,,,,,,,,,
369,3.075,-124.775803,355.402405,54.669155,1.249503,1167.559082,241.063004,137.604904,368.279572,95.642769,31.018906,1113.552246,0.375499,,,,,,,,,,,,,,,,,,,
370,3.083333,-124.786324,355.395508,54.698925,1.292586,1167.533936,241.073227,137.606567,368.280029,95.602135,31.006771,1113.509521,0.376397,,,,,,,,,,,,,,,,,,,
371,3.091667,-124.795471,355.388123,54.725475,1.337056,1167.507813,241.083817,137.607346,368.279999,95.560692,30.996971,1113.467407,0.380956,,,,,,,,,,,,,,,,,,,
372,3.1,-124.80278,355.379547,54.749428,1.382464,1167.479858,241.095016,137.607483,368.279297,95.518646,30.98922,1113.42627,0.388792,,,,,,,,,,,,,,,,,,,
373,3.108333,-124.808533,355.369324,54.771618,1.429432,1167.449707,241.107147,137.607285,368.278229,95.475822,30.983517,1113.385742,0.399334,,,,,,,,,,,,,,,,,,,
374,3.116667,-124.814568,355.358765,54.792725,1.479194,1167.41687,241.120697,137.6073,368.277588,95.432655,30.98016,1113.346069,0.41127,,,,,,,,,,,,,,,,,,,
375,3.125,-124.822731,355.349365,54.812908,1.532207,1167.381104,241.135941,137.608002,368.277832,95.389496,30.979887,1113.307007,0.422912,,,,,,,,,,,,,,,,,,,
376,3.133333,-124.833588,355.341858,54.831944,1.588542,1167.342041,241.15213,137.609528,368.278534,95.346436,30.984285,1113.268555,0.433728,,,,,,,,,,,,,,,,,,,
377,3.141667,-124.845657,355.335419,54.848713,1.64869,1167.300049,241.168381,137.612122,368.279846,95.304642,30.99431,1113.230713,0.443763,,,,,,,,,,,,,,,,,,,
378,3.15,-124.857063,355.328857,54.861805,1.713115,1167.255249,241.184891,137.615662,368.28241,95.264931,31.009027,1113.193115,0.453664,,,,,,,,,,,,,,,,,,,
379,3.158333,-124.867439,355.322388,54.870945,1.781108,1167.20874,241.202591,137.619171,368.286621,95.226715,31.027428,1113.155151,0.464854,,,,,,,,,,,,,,,,,,,
380,3.166667,-124.877693,355.316437,54.876892,1.851395,1167.162598,241.222839,137.62149,368.292267,95.188866,31.049355,1113.115967,0.478609,,,,,,,,,,,,,,,,,,,
381,3.175,-124.888374,355.311035,54.880604,1.923381,1167.117188,241.246826,137.622513,368.29892,95.150833,31.074322,1113.076172,0.495688,,,,,,,,,,,,,,,,,,,
382,3.183333,-124.899071,355.305939,54.882496,1.996671,1167.072754,241.274597,137.622253,368.306335,95.11232,31.101425,1113.035645,0.517182,,,,,,,,,,,,,,,,,,,
383,3.191667,-124.910172,355.301392,54.882874,2.070498,1167.028687,241.305222,137.620834,368.314728,95.072952,31.130478,1112.994751,0.544556,,,,,,,,,,,,,,,,,,,
384,3.2,-124.921112,355.297058,54.881901,2.144154,1166.984863,241.337616,137.619247,368.324677,95.032448,31.161976,1112.953613,0.578053,,,,,,,,,,,,,,,,,,,
385,3.208333,-124.931213,355.292969,54.879776,2.217411,1166.941284,241.371078,137.618927,368.336823,94.990776,31.196434,1112.912964,0.617035,,,,,,,,,,,,,,,,,,,
386,3.216667,-124.941353,355.289795,54.877602,2.290448,1166.897339,241.405197,137.620224,368.351166,94.948509,31.234268,1112.873047,0.660757,,,,,,,,,,,,,,,,,,,
387,3.225,-124.952522,355.288025,54.877304,2.363505,1166.853394,241.439697,137.622574,368.366821,94.9058,31.275246,1112.834106,0.708097,,,,,,,,,,,,,,,,,,,
388,3.233333,-124.965324,355.288452,54.88015,2.43682,1166.810303,241.474258,137.626114,368.383362,94.862503,31.318802,1112.795776,0.757973,,,,,,,,,,,,,,,,,,,
389,3.241667,-124.979134,355.290344,54.885342,2.510559,1166.767822,241.508865,137.630722,368.400787,94.818932,31.364077,1112.758057,0.809252,,,,,,,,,,,,,,,,,,,
