Format Version,1.22,Take Name,Walk straight lateral left HJ 2019-04-12 04.00.40 PM_027,Capture Frame Rate,120,Export Frame Rate,120,Capture Start Time,2019-04-12 04.28.15.826 下午,Total Frames in Take,539,Total Exported Frames,539,Rotation Type,XYZ,Length Units,Millimeters,Coordinate Space,Glob,,Marker,Marker,Marker,Marker,Marker,Marker,Marker,Marker,Marker,Marker,Marker,Marker
,,LTip,LTip,LTip,RTip,RTip,RTip,Trunk Front,Trunk Front,Trunk Front,Trunk Back,Trunk Back,Trunk Back,,,,,,,,,,,,,,,,,,,
,,C3630,C3630,C3630,C36C0,C36C0,C36C0,C37E0,C37E0,C37E0,C3830,C3830,C3830,,,,,,,,,,,,,,,,,,,
,,Position,Position,Position,Position,Position,Position,Position,Position,Position,Position,Position,Position,,,,,,,,,,,,,,,,,,,
Frame,Time (Seconds),X,Y,Z,X,Y,Z,X,Y,Z,X,Y,Z,,,,,,,,,,,,,,,,,,,
0,0,389.445374,358.677307,192.320908,129.569733,355.142548,414.215424,358.958557,1313.520386,414.233154,185.953629,1287.548096,205.269592,,,,,,,,,,,,,,,,,,,
1,0.008333,389.562927,358.645905,192.242264,129.59256,355.173553,414.191925,358.955566,1313.530029,413.979401,185.992676,1287.52063,205.020523,,,,,,,,,,,,,,,,,,,
2,0.016667,389.706879,358.625244,192.17598,129.59433,355.220886,414.152588,358.935028,1313.538452,413.745178,186.024933,1287.499146,204.764359,,,,,,,,,,,,,,,,,,,
3,0.025,389.810638,358.583862,192.134552,129.595139,355.257294,414.123962,358.922485,1313.549316,413.498108,186.054184,1287.481689,204.476227,,,,,,,,,,,,,,,,,,,
4,0.033333,389.934387,358.557953,192.098938,129.622543,355.266632,414.090973,358.928375,1313.559204,413.250458,186.06958,1287.474976,204.183578,,,,,,,,,,,,,,,,,,,
5,0.041667,390.068176,358.526733,192.110474,129.672012,355.274933,414.093628,358.946045,1313.568481,413.005188,186.071793,1287.478882,203.902237,,,,,,,,,,,,,,,,,,,
6,0.05,390.178009,358.479767,192.110275,129.732819,355.301941,414.087524,358.97229,1313.577759,412.742645,186.152206,1287.457153,203.602127,,,,,,,,,,,,,,,,,,,
7,0.058333,390.326874,358.479889,192.154663,129.79892,355.324829,414.081573,358.97699,1313.577271,412.452026,186.182922,1287.484619,203.300446,,,,,,,,,,,,,,,,,,,
8,0.066667,390.483612,358.436432,192.229187,129.891006,355.372498,414.079712,359.01944,1313.57959,412.171539,186.203659,1287.504761,203.032654,,,,,,,,,,,,,,,,,,,
9,0.075,390.667908,358.411987,192.334274,129.987335,355.418549,414.068146,359.037262,1313.579712,411.91864,186.235779,1287.521484,202.749481,,,,,,,,,,,,,,,,,,,
10,0.083333,390.880981,358.396759,192.496796,130.119156,355.441925,414.060608,359.065491,1313.578735,411.676086,186.292862,1287.53064,202.454712,,,,,,,,,,,,,,,,,,,
11,0.091667,391.125183,358.357147,192.696747,130.274139,355.493958,414.108368,359.09314,1313.583374,411.423218,186.354767,1287.540283,202.160965,,,,,,,,,,,,,,,,,,,
12,0.1,391.392242,358.331177,192.937881,130.458511,355.536774,414.144135,359.114655,1313.582397,411.17865,186.401352,1287.54541,201.878647,,,,,,,,,,,,,,,,,,,
13,0.108333,391.659088,358.307159,193.233826,130.655029,355.55957,414.208679,359.14743,1313.572754,410.913544,186.510941,1287.529785,201.576782,,,,,,,,,,,,,,,,,,,
14,0.116667,391.909149,358.250977,193.56311,130.886536,355.578644,414.323212,359.183228,1313.547974,410.652649,186.545746,1287.550659,201.298553,,,,,,,,,,,,,,,,,,,
15,0.125,392.145386,358.199646,193.859283,131.112778,355.571075,414.446747,359.23465,1313.515869,410.40097,186.617752,1287.546753,201.050049,,,,,,,,,,,,,,,,,,,
16,0.133333,392.309753,358.138733,194.070068,131.347733,355.585693,414.560791,359.293915,1313.480591,410.152954,186.700684,1287.529541,200.787598,,,,,,,,,,,,,,,,,,,
17,0.141667,392.4198,358.079651,194.204208,131.550247,355.602905,414.659088,359.337646,1313.460205,409.911224,186.794983,1287.525513,200.519882,,,,,,,,,,,,,,,,,,,
18,0.15,392.448334,358.010895,194.258514,131.765121,355.594818,414.764709,359.413544,1313.439453,409.702148,186.941071,1287.514648,200.27298,,,,,,,,,,,,,,,,,,,
19,0.158333,392.447479,357.975647,194.22673,131.951691,355.6091,414.837067,359.475098,1313.412231,409.508362,187.066284,1287.510132,200.021439,,,,,,,,,,,,,,,,,,,
20,0.166667,392.419464,357.956665,194.125381,132.103165,355.630737,414.894226,359.556244,1313.400024,409.326599,187.208298,1287.523926,199.783432,,,,,,,,,,,,,,,,,,,
21,0.175,392.385162,357.947723,193.971497,132.234283,355.654663,414.944916,359.65274,1313.390503,409.146118,187.352966,1287.563843,199.554108,,,,,,,,,,,,,,,,,,,
22,0.183333,392.299408,357.918854,193.747086,132.323273,355.687592,414.973907,359.751648,1313.368408,408.961487,187.50769,1287.63855,199.342422,,,,,,,,,,,,,,,,,,,
23,0.191667,392.18454,357.870178,193.463013,132.3862,355.70816,414.99054,359.813049,1313.337769,408.788391,187.610031,1287.733276,199.161865,,,,,,,,,,,,,,,,,,,
24,0.2,392.072754,357.846985,193.140198,132.405853,355.711365,414.954285,359.900909,1313.300537,408.603485,187.773331,1287.803955,198.958221,,,,,,,,,,,,,,,,,,,
25,0.208333,391.921326,357.808594,192.802414,132.395462,355.735687,414.922455,359.976105,1313.251099,408.440521,187.922485,1287.903076,198.765793,,,,,,,,,,,,,,,,,,,
26,0.216667,391.81958,357.785553,192.477325,132.312454,355.750031,414.843781,360.045624,1313.186279,408.253082,188.024063,1287.994263,198.564087,,,,,,,,,,,,,,,,,,,
27,0.225,391.650757,357.753723,192.133942,132.249741,355.763,414.74295,360.129486,1313.119507,408.080536,188.162796,1288.091309,198.374893,,,,,,,,,,,,,,,,,,,
28,0.233333,391.503357,357.720093,191.805222,132.155579,355.786255,414.621582,360.202454,1313.06543,407.900024,188.330566,1288.178101,198.188446,,,,,,,,,,,,,,,,,,,
29,0.241667,391.357269,357.693817,191.481918,132.038986,355.807556,414.485565,360.278961,1313.00415,407.749481,188.492065,1288.279175,197.996063,,,,,,,,,,,,,,,,,,,
30,0.25,391.232666,357.680756,191.192245,131.920395,355.854675,414.352081,360.352692,1312.946655,407.61499,188.639526,1288.341675,197.822815,,,,,,,,,,,,,,,,,,,
31,0.258333,391.128937,357.676727,190.966324,131.82312,355.886627,414.202301,360.430847,1312.911743,407.473938,188.814148,1288.396118,197.661194,,,,,,,,,,,,,,,,,,,
32,0.266667,391.029999,357.654419,190.749084,131.73587,355.899323,414.051178,360.494049,1312.872437,407.341492,188.962097,1288.432739,197.501572,,,,,,,,,,,,,,,,,,,
33,0.275,390.935272,357.677368,190.577713,131.65332,355.943695,413.922882,360.576141,1312.822632,407.219177,189.114807,1288.466309,197.351822,,,,,,,,,,,,,,,,,,,
34,0.283333,390.851776,357.677856,190.449463,131.572632,355.970825,413.799408,360.645416,1312.789551,407.113312,189.263702,1288.502563,197.224411,,,,,,,,,,,,,,,,,,,
35,0.291667,390.803009,357.681915,190.33371,131.519073,356.002563,413.685486,360.708496,1312.744141,407.004028,189.394669,1288.524658,197.077759,,,,,,,,,,,,,,,,,,,
36,0.3,390.769531,357.664978,190.266006,131.477646,356.05127,413.568634,360.789581,1312.725586,406.891174,189.543274,1288.54248,196.9478,,,,,,,,,,,,,,,,,,,
37,0.308333,390.751038,357.654663,190.200363,131.461746,356.06723,413.45813,360.858978,1312.699341,406.798798,189.689301,1288.56543,196.804855,,,,,,,,,,,,,,,,,,,
38,0.316667,390.758087,357.646545,190.143738,131.434662,356.11087,413.365479,360.934784,1312.671143,406.714386,189.866592,1288.590698,196.67189,,,,,,,,,,,,,,,,,,,
39,0.325,390.800415,357.611053,190.092682,131.420456,356.131104,413.273468,361.012848,1312.653564,406.617828,190.024643,1288.626709,196.530151,,,,,,,,,,,,,,,,,,,
40,0.333333,390.851227,357.588104,190.088318,131.449951,356.156555,413.177307,361.075043,1312.636719,406.531372,190.193375,1288.662964,196.404617,,,,,,,,,,,,,,,,,,,
41,0.341667,390.901642,357.540558,190.063232,131.488022,356.161957,413.079254,361.141418,1312.614258,406.454254,190.350128,1288.686401,196.276688,,,,,,,,,,,,,,,,,,,
42,0.35,390.969604,357.499878,190.08287,131.506912,356.188873,412.987396,361.203583,1312.586792,406.386688,190.549011,1288.722168,196.167648,,,,,,,,,,,,,,,,,,,
43,0.358333,391.058258,357.440125,190.112305,131.569458,356.191803,412.93692,361.257141,1312.556274,406.327179,190.726334,1288.721313,196.050293,,,,,,,,,,,,,,,,,,,
44,0.366667,391.162537,357.375153,190.16922,131.619446,356.209106,412.874634,361.317963,1312.521484,406.266235,190.877502,1288.753662,195.947052,,,,,,,,,,,,,,,,,,,
45,0.375,391.303436,357.298187,190.219559,131.686218,356.20163,412.842163,361.3862,1312.489624,406.23407,191.043045,1288.74353,195.847946,,,,,,,,,,,,,,,,,,,
46,0.383333,391.462189,357.235321,190.274689,131.736313,356.223389,412.831909,361.425934,1312.448364,406.210236,191.190063,1288.752319,195.751846,,,,,,,,,,,,,,,,,,,
47,0.391667,391.610809,357.168152,190.352692,131.830551,356.21991,412.83432,361.486816,1312.416992,406.180054,191.33931,1288.749756,195.6698,,,,,,,,,,,,,,,,,,,
48,0.4,391.790894,357.100677,190.450104,131.957214,356.227203,412.838287,361.541412,1312.372681,406.178375,191.483826,1288.74353,195.602646,,,,,,,,,,,,,,,,,,,
49,0.408333,391.945007,357.030609,190.563004,132.125412,356.208008,412.891541,361.584534,1312.334717,406.185303,191.628357,1288.753784,195.545517,,,,,,,,,,,,,,,,,,,
50,0.416667,392.139954,356.952087,190.718002,132.313263,356.184235,412.97757,361.639954,1312.306641,406.212585,191.783035,1288.772217,195.516541,,,,,,,,,,,,,,,,,,,
51,0.425,392.354034,356.904449,190.867889,132.563339,356.157288,413.110901,361.685211,1312.27417,406.258179,191.95105,1288.769775,195.488205,,,,,,,,,,,,,,,,,,,
52,0.433333,392.61264,356.800232,191.064468,132.850418,356.124786,413.25119,361.71936,1312.224731,406.331207,192.129318,1288.769653,195.459473,,,,,,,,,,,,,,,,,,,
53,0.441667,392.877441,356.702911,191.277939,133.107025,356.099274,413.380157,361.782715,1312.190674,406.389923,192.280029,1288.77063,195.466782,,,,,,,,,,,,,,,,,,,
54,0.45,393.158905,356.629761,191.479553,133.408386,356.06778,413.528503,361.827667,1312.146118,406.485657,192.349503,1288.651001,195.144592,,,,,,,,,,,,,,,,,,,
55,0.458333,393.475677,356.56662,191.697418,133.722763,356.027588,413.651672,361.874817,1312.096191,406.591125,192.524033,1288.651978,195.195404,,,,,,,,,,,,,,,,,,,
56,0.466667,393.8078,356.512329,191.947861,134.042419,355.995941,413.7966,361.925323,1312.043823,406.694366,192.6754,1288.684937,195.262146,,,,,,,,,,,,,,,,,,,
57,0.475,394.192413,356.479126,192.240326,134.430481,355.950378,414.007111,361.998657,1311.996948,406.823181,192.855301,1288.713013,195.341309,,,,,,,,,,,,,,,,,,,
58,0.483333,394.576752,356.435944,192.566116,134.866516,355.928528,414.258148,362.062073,1311.943604,406.966858,193.023254,1288.745483,195.442047,,,,,,,,,,,,,,,,,,,
59,0.491667,394.91275,356.391327,192.90184,135.284317,355.901001,414.571228,362.151703,1311.911377,407.148315,193.187012,1288.79895,195.575256,,,,,,,,,,,,,,,,,,,
60,0.5,395.233948,356.340363,193.222198,135.755493,355.871155,414.93045,362.238586,1311.850098,407.350708,193.379684,1288.841675,195.72583,,,,,,,,,,,,,,,,,,,
61,0.508333,395.539795,356.315094,193.548401,136.262924,355.888672,415.297546,362.352264,1311.799683,407.595306,193.561325,1288.899292,195.899765,,,,,,,,,,,,,,,,,,,
62,0.516667,395.833038,356.253448,193.869675,136.784409,355.840088,415.678436,362.463623,1311.749146,407.87381,193.752716,1288.960571,196.104965,,,,,,,,,,,,,,,,,,,
63,0.525,396.107178,356.221527,194.199188,137.27298,355.837799,416.092346,362.578308,1311.674927,408.194519,193.97496,1289.015625,196.328888,,,,,,,,,,,,,,,,,,,
64,0.533333,396.354828,356.189941,194.511993,137.826889,355.810547,416.504547,362.705048,1311.621582,408.519562,194.20015,1289.081421,196.597931,,,,,,,,,,,,,,,,,,,
65,0.541667,396.589111,356.172485,194.818222,138.392334,355.714111,416.900696,362.802979,1311.521851,408.869812,194.394409,1289.185669,196.905212,,,,,,,,,,,,,,,,,,,
66,0.55,396.803375,356.133087,195.108856,138.930771,355.603577,417.319824,362.951111,1311.432617,409.23114,194.558228,1289.302002,197.248428,,,,,,,,,,,,,,,,,,,
67,0.558333,397.006012,356.11554,195.39563,139.405792,355.546844,417.746857,363.086426,1311.338623,409.640137,194.785309,1289.417114,197.614349,,,,,,,,,,,,,,,,,,,
68,0.566667,397.136047,356.085754,195.637024,139.851685,355.513977,418.165741,363.277527,1311.26355,410.13205,195.039749,1289.495605,198.03685,,,,,,,,,,,,,,,,,,,
69,0.575,397.275238,356.07724,195.886139,140.210678,355.481873,418.536957,363.477234,1311.186279,410.616791,195.322495,1289.589233,198.471313,,,,,,,,,,,,,,,,,,,
70,0.583333,397.372314,356.065308,196.129654,140.462952,355.444153,418.834412,363.673767,1311.116821,411.092804,195.524033,1289.707886,198.948227,,,,,,,,,,,,,,,,,,,
71,0.591667,397.447205,356.103088,196.352707,140.644104,355.419678,419.133057,363.826263,1311.025391,411.626495,195.707306,1289.853882,199.423569,,,,,,,,,,,,,,,,,,,
72,0.6,397.484894,356.136475,196.582657,140.766571,355.372681,419.348633,364.008118,1310.937256,412.226105,195.960449,1289.980591,199.987549,,,,,,,,,,,,,,,,,,,
73,0.608333,397.468536,356.180695,196.80513,140.804871,355.367737,419.556854,364.149994,1310.86377,412.835388,196.254593,1290.105225,200.591324,,,,,,,,,,,,,,,,,,,
74,0.616667,397.449036,356.237,197.04599,140.819,355.326172,419.722321,364.296082,1310.778931,413.467987,196.440842,1290.272705,201.214996,,,,,,,,,,,,,,,,,,,
75,0.625,397.431824,356.333557,197.300568,140.807373,355.277466,419.878448,364.485962,1310.702271,414.076508,196.636215,1290.423096,201.822906,,,,,,,,,,,,,,,,,,,
76,0.633333,397.392731,356.383667,197.528519,140.721024,355.262848,420.015442,364.694946,1310.635742,414.731812,196.822556,1290.559692,202.540756,,,,,,,,,,,,,,,,,,,
77,0.641667,397.377899,356.479431,197.792877,140.621857,355.242584,420.146729,364.907074,1310.550415,415.471039,196.949066,1290.738525,203.255661,,,,,,,,,,,,,,,,,,,
78,0.65,397.359558,356.535767,198.052536,140.52359,355.210083,420.260925,365.118591,1310.440186,416.153015,197.110184,1290.951172,203.988831,,,,,,,,,,,,,,,,,,,
79,0.658333,397.344055,356.58725,198.270447,140.377869,355.182373,420.365021,365.321136,1310.354858,416.87146,197.314987,1291.091797,204.778915,,,,,,,,,,,,,,,,,,,
80,0.666667,397.325714,356.64151,198.468231,140.219055,355.147949,420.475281,365.549835,1310.252197,417.633514,197.558075,1291.182373,205.611298,,,,,,,,,,,,,,,,,,,
81,0.675,397.298798,356.718933,198.646042,140.028519,355.116608,420.56543,365.737457,1310.137939,418.387543,197.700928,1291.309692,206.388626,,,,,,,,,,,,,,,,,,,
82,0.683333,397.244385,356.772675,198.816025,139.801895,355.062866,420.679535,365.944489,1310.005859,419.240784,197.892944,1291.405396,207.229385,,,,,,,,,,,,,,,,,,,
83,0.691667,397.177887,356.865875,198.998581,139.57666,355.004761,420.758057,366.220612,1309.927734,420.058105,198.068832,1291.522339,208.151138,,,,,,,,,,,,,,,,,,,
84,0.7,397.099823,356.929718,199.173676,139.353119,354.942566,420.834473,366.485016,1309.849976,420.92395,198.272934,1291.642822,209.031265,,,,,,,,,,,,,,,,,,,
85,0.708333,397.019928,357.014862,199.365402,139.133057,354.890442,420.930908,366.729858,1309.73645,421.802307,198.456451,1291.748901,210.02713,,,,,,,,,,,,,,,,,,,
86,0.716667,396.929504,357.080444,199.558289,138.92627,354.831329,421.042664,366.921356,1309.635498,422.780182,198.621246,1291.841675,210.946045,,,,,,,,,,,,,,,,,,,
87,0.725,396.84137,357.158417,199.765564,138.748367,354.78656,421.151672,367.130524,1309.54187,423.728607,198.752762,1291.934692,211.962204,,,,,,,,,,,,,,,,,,,
88,0.733333,396.756592,357.235413,199.98201,138.547897,354.717377,421.286713,367.343567,1309.419312,424.737396,199.040833,1291.96106,212.972351,,,,,,,,,,,,,,,,,,,
89,0.741667,396.657684,357.324158,200.229858,138.362,354.640961,421.436646,367.569702,1309.299805,425.757172,199.180328,1292.072754,214.016083,,,,,,,,,,,,,,,,,,,
90,0.75,396.579163,357.416595,200.486084,138.167923,354.56604,421.59079,367.794525,1309.1604,426.795654,199.318146,1292.18689,215.107071,,,,,,,,,,,,,,,,,,,
91,0.758333,396.474701,357.499207,200.807404,137.962997,354.499786,421.748505,367.986053,1309.012939,427.864319,199.461945,1292.266235,216.190979,,,,,,,,,,,,,,,,,,,
92,0.766667,396.364288,357.589172,201.151474,137.784927,354.392029,421.914825,368.159332,1308.898193,428.955475,199.667404,1292.343262,217.308075,,,,,,,,,,,,,,,,,,,
93,0.775,396.24649,357.656616,201.521469,137.615082,354.294312,422.114502,368.387848,1308.779419,430.013702,199.835617,1292.453979,218.438843,,,,,,,,,,,,,,,,,,,
94,0.783333,396.160706,357.752563,201.996628,137.464676,354.198151,422.299164,368.632843,1308.694336,431.150269,200.003128,1292.598755,219.605118,,,,,,,,,,,,,,,,,,,
95,0.791667,396.122437,357.884949,202.556732,137.323318,354.101898,422.505127,368.764374,1308.550659,432.305908,200.208984,1292.681519,220.785339,,,,,,,,,,,,,,,,,,,
96,0.8,396.085327,357.940002,203.160858,137.225601,353.980774,422.738129,368.961304,1308.438477,433.443298,200.373444,1292.802612,221.971741,,,,,,,,,,,,,,,,,,,
97,0.808333,396.121155,358.035858,203.908051,137.182892,353.862427,423.019135,369.126312,1308.317871,434.61377,200.487259,1292.959839,223.201691,,,,,,,,,,,,,,,,,,,
98,0.816667,396.211731,358.168152,204.818207,137.154099,353.743073,423.32135,369.367493,1308.182373,435.759521,200.686874,1293.118164,224.382126,,,,,,,,,,,,,,,,,,,
99,0.825,396.313904,358.256073,205.845047,137.17453,353.613342,423.674896,369.562195,1308.013794,436.935883,200.777374,1293.294678,225.64534,,,,,,,,,,,,,,,,,,,
100,0.833333,396.495209,358.404358,207.036407,137.248688,353.50174,424.115753,369.78952,1307.864746,438.12677,200.979309,1293.467041,226.88472,,,,,,,,,,,,,,,,,,,
101,0.841667,396.879913,358.55246,208.473572,137.356781,353.386475,424.594025,370.050415,1307.71582,439.2659,201.125443,1293.635864,228.114212,,,,,,,,,,,,,,,,,,,
102,0.85,397.135864,358.578156,209.999039,137.561218,353.259064,425.120422,370.188843,1307.541992,440.453156,201.321503,1293.765015,229.36525,,,,,,,,,,,,,,,,,,,
103,0.858333,397.579132,358.664581,211.776657,137.823807,353.098206,425.687012,370.423096,1307.365723,441.651062,201.479935,1293.925171,230.592575,,,,,,,,,,,,,,,,,,,
104,0.866667,398.203979,358.7901,213.769379,138.157013,352.902313,426.256531,370.68335,1307.208008,442.830505,201.635971,1294.077759,231.889359,,,,,,,,,,,,,,,,,,,
105,0.875,398.795624,358.745178,215.90863,138.517181,352.751648,426.895081,370.975525,1307.068848,444.050659,201.790009,1294.211426,233.164322,,,,,,,,,,,,,,,,,,,
106,0.883333,399.649261,358.867462,218.165115,138.870941,352.584991,427.587158,371.263306,1306.856445,445.216095,201.942535,1294.27417,234.449844,,,,,,,,,,,,,,,,,,,
107,0.891667,400.414917,358.849915,220.58844,139.292023,352.391754,428.3526,371.491455,1306.562378,446.447998,202.131653,1294.306152,235.71106,,,,,,,,,,,,,,,,,,,
108,0.9,401.399261,358.933868,223.129501,139.65863,352.211365,429.107849,371.773071,1306.279663,447.652496,202.177353,1294.388306,237.035645,,,,,,,,,,,,,,,,,,,
109,0.908333,402.382599,358.893555,225.708008,140.027969,352.013458,429.823273,372.082886,1305.944336,448.870392,202.423676,1294.403564,238.348785,,,,,,,,,,,,,,,,,,,
110,0.916667,403.570221,358.912872,228.369553,140.384354,351.78949,430.634125,372.340271,1305.602661,450.087738,202.524216,1294.411865,239.644012,,,,,,,,,,,,,,,,,,,
111,0.925,404.828491,358.97171,231.080383,140.744934,351.541931,431.477722,372.649628,1305.283936,451.272095,202.721741,1294.31958,240.979752,,,,,,,,,,,,,,,,,,,
112,0.933333,406.191925,359.039642,233.861588,141.065811,351.218414,432.296265,372.99057,1304.917603,452.501648,202.78476,1294.222168,242.311874,,,,,,,,,,,,,,,,,,,
113,0.941667,407.668518,359.090881,236.506226,141.40065,350.956879,433.148438,373.356171,1304.49646,453.697845,202.904922,1294.102173,243.659683,,,,,,,,,,,,,,,,,,,
114,0.95,409.083649,359.173218,239.13797,141.699112,350.682465,434.020447,373.714478,1303.998291,454.918457,203.007477,1293.948242,244.994385,,,,,,,,,,,,,,,,,,,
115,0.958333,410.611694,359.463837,241.615479,141.947754,350.418091,434.849457,374.06131,1303.484375,456.103394,203.136032,1293.869995,246.40654,,,,,,,,,,,,,,,,,,,
116,0.966667,412.003693,359.753448,244.043579,142.169006,350.10318,435.706909,374.398621,1302.961548,457.237335,203.255814,1293.716675,247.783203,,,,,,,,,,,,,,,,,,,
117,0.975,413.437042,360.199554,246.508194,142.417816,349.763794,436.537476,374.773224,1302.509399,458.455048,203.360504,1293.593628,249.205078,,,,,,,,,,,,,,,,,,,
118,0.983333,414.832214,360.853333,248.838699,142.671906,349.43335,437.326141,375.207397,1302.029663,459.613892,203.45578,1293.465576,250.591965,,,,,,,,,,,,,,,,,,,
119,0.991667,416.239105,361.57309,251.202637,142.965057,349.088379,438.031158,375.579926,1301.514282,460.795715,203.567078,1293.384888,251.977325,,,,,,,,,,,,,,,,,,,
120,1,417.807648,362.579376,253.67865,143.21286,348.816559,438.664856,376.022888,1301.076782,461.985565,203.579071,1293.304077,253.39386,,,,,,,,,,,,,,,,,,,
121,1.008333,419.571899,363.716675,256.257111,143.441086,348.619446,439.331299,376.434235,1300.731689,463.138733,203.670135,1293.346436,254.822403,,,,,,,,,,,,,,,,,,,
122,1.016667,421.570465,365.030609,258.994324,143.675659,348.409546,439.942871,376.824554,1300.419067,464.351837,203.77684,1293.370972,256.262207,,,,,,,,,,,,,,,,,,,
123,1.025,423.802826,366.477234,261.870087,143.905838,348.257416,440.492096,377.207947,1300.16626,465.517853,203.850235,1293.41333,257.739624,,,,,,,,,,,,,,,,,,,
124,1.033333,426.305786,368.121979,265.027618,144.143967,348.115631,441.091736,377.667938,1299.914063,466.725983,203.921112,1293.490723,259.248749,,,,,,,,,,,,,,,,,,,
125,1.041667,429.021301,369.915253,268.394409,144.392624,347.977478,441.674255,378.078003,1299.710693,467.943542,203.887756,1293.677979,260.841187,,,,,,,,,,,,,,,,,,,
126,1.05,432.042938,371.8974,271.926483,144.612961,347.770935,442.307312,378.584045,1299.531006,469.23819,204.038498,1293.835327,262.430206,,,,,,,,,,,,,,,,,,,
127,1.058333,435.402466,374.116882,275.675415,144.766769,347.557831,442.896637,379.066315,1299.370361,470.523315,204.007919,1293.972168,264.032928,,,,,,,,,,,,,,,,,,,
128,1.066667,439.081726,376.588165,279.549164,144.936264,347.311401,443.464722,379.619934,1299.230957,471.789978,204.132401,1294.107788,265.713623,,,,,,,,,,,,,,,,,,,
129,1.075,442.973145,379.224304,283.715485,145.043655,347.09198,443.930847,380.265991,1299.034302,473.112183,204.129517,1294.354614,267.472351,,,,,,,,,,,,,,,,,,,
130,1.083333,446.916565,381.86441,288.072266,145.091797,346.892059,444.34317,380.880585,1298.825806,474.455444,204.242493,1294.489258,269.171661,,,,,,,,,,,,,,,,,,,
131,1.091667,451.132263,384.624115,292.582825,145.114746,346.692474,444.733276,381.644928,1298.626221,475.770813,204.462677,1294.572021,270.977692,,,,,,,,,,,,,,,,,,,
132,1.1,455.543549,387.373016,297.244568,145.12355,346.504059,445.097931,382.460724,1298.357666,477.06073,204.634018,1294.766113,272.759277,,,,,,,,,,,,,,,,,,,
133,1.108333,459.963806,390.162201,302.050049,145.093857,346.33139,445.465027,383.272095,1298.062622,478.372772,204.763062,1294.9104,274.640564,,,,,,,,,,,,,,,,,,,
134,1.116667,464.562286,392.847107,306.911957,145.070709,346.154388,445.817413,384.181152,1297.700073,479.721252,205.031906,1294.987061,276.465515,,,,,,,,,,,,,,,,,,,
135,1.125,469.188843,395.447754,311.77243,145.041931,345.963165,446.161041,385.105927,1297.317627,480.999756,205.158798,1295.127563,278.297119,,,,,,,,,,,,,,,,,,,
136,1.133333,473.715302,397.95108,316.569031,145.021225,345.812256,446.523895,386.073608,1296.883545,482.2995,205.563721,1295.230835,280.155396,,,,,,,,,,,,,,,,,,,
137,1.141667,478.079773,400.528198,321.232483,145.002625,345.712097,446.878387,387.183746,1296.507935,483.654236,205.889664,1295.317017,282.070892,,,,,,,,,,,,,,,,,,,
138,1.15,482.281555,403.018066,325.773773,145.019363,345.630981,447.235931,388.274292,1296.098999,484.964417,206.362732,1295.422729,283.943207,,,,,,,,,,,,,,,,,,,
139,1.158333,486.176117,405.43808,330.168884,145.074478,345.58075,447.538025,389.413757,1295.768433,486.310394,206.795883,1295.515259,285.901886,,,,,,,,,,,,,,,,,,,
140,1.166667,489.920898,407.559418,334.388367,145.167099,345.530579,447.804962,390.637146,1295.4552,487.719482,207.409393,1295.611206,287.839905,,,,,,,,,,,,,,,,,,,
141,1.175,493.660919,409.635406,338.520416,145.301392,345.506592,448.062592,391.956238,1295.197998,489.155823,208.085464,1295.633423,289.808319,,,,,,,,,,,,,,,,,,,
142,1.183333,497.295013,411.358063,342.575012,145.464355,345.516754,448.269348,393.311218,1295.051025,490.645386,208.803467,1295.793213,291.749786,,,,,,,,,,,,,,,,,,,
143,1.191667,500.942535,413.015686,346.694672,145.646881,345.555969,448.462952,394.711456,1294.884033,492.211243,209.672867,1295.856201,293.720154,,,,,,,,,,,,,,,,,,,
144,1.2,504.602966,414.247986,350.718964,145.842743,345.619415,448.700653,396.147278,1294.796021,493.84433,210.592148,1295.898438,295.772705,,,,,,,,,,,,,,,,,,,
145,1.208333,508.196777,415.355621,354.733459,146.063019,345.702087,448.94519,397.669708,1294.758179,495.53186,211.707626,1295.982422,297.772217,,,,,,,,,,,,,,,,,,,
146,1.216667,511.805115,416.262787,358.625427,146.337158,345.824188,449.261353,399.229828,1294.734985,497.212067,212.848083,1295.981079,299.821838,,,,,,,,,,,,,,,,,,,
147,1.225,515.284912,416.850403,362.579834,146.631363,345.911285,449.573578,400.881226,1294.779663,499.013489,214.063995,1296.07251,301.94519,,,,,,,,,,,,,,,,,,,
148,1.233333,518.657959,417.193481,366.529755,146.977768,345.991364,449.905304,402.555908,1294.83313,500.845245,215.487732,1296.111572,303.981598,,,,,,,,,,,,,,,,,,,
149,1.241667,522.116821,417.271057,370.392242,147.420868,346.013947,450.306793,404.34845,1294.782715,502.700745,216.864502,1296.086426,306.098389,,,,,,,,,,,,,,,,,,,
150,1.25,525.50354,417.074249,374.284485,147.885178,346.025665,450.689148,406.216888,1294.765381,504.638367,218.311356,1296.123047,308.270782,,,,,,,,,,,,,,,,,,,
151,1.258333,528.904114,416.709412,378.123352,148.400391,346.026733,451.154633,408.046936,1294.680298,506.608185,219.892303,1296.08252,310.402252,,,,,,,,,,,,,,,,,,,
152,1.266667,532.210266,415.938843,381.944611,149.006332,346.041351,451.662048,409.994629,1294.579468,508.611023,221.552948,1296.006592,312.544708,,,,,,,,,,,,,,,,,,,
153,1.275,535.511719,414.92868,385.767609,149.670578,346.048401,452.241302,412.000061,1294.366699,510.627136,223.14209,1295.953979,314.85083,,,,,,,,,,,,,,,,,,,
154,1.283333,538.839905,413.697876,389.550903,150.417831,346.043274,452.872772,414.063141,1294.125854,512.701721,224.990341,1295.785889,317.121796,,,,,,,,,,,,,,,,,,,
155,1.291667,542.141724,412.238373,393.323578,151.208557,346.014038,453.486267,416.13739,1293.831177,514.804016,226.9039,1295.606445,319.369232,,,,,,,,,,,,,,,,,,,
156,1.3,545.433167,410.52597,397.130188,152.020264,345.97757,454.180908,418.35611,1293.463745,516.9151,228.743439,1295.419067,321.72287,,,,,,,,,,,,,,,,,,,
157,1.308333,548.697144,408.579803,400.859039,152.917831,345.892212,454.944702,420.623138,1293.056763,519.10907,230.792648,1295.115967,324.085876,,,,,,,,,,,,,,,,,,,
158,1.316667,551.96106,406.440247,404.532196,153.935181,345.723389,455.811005,422.73291,1292.485718,521.031555,232.941788,1294.825195,326.461639,,,,,,,,,,,,,,,,,,,
159,1.325,555.27655,404.165283,408.298676,155.115799,345.629791,456.790985,425.121735,1291.921143,523.182922,235.080276,1294.519653,328.876678,,,,,,,,,,,,,,,,,,,
160,1.333333,558.558533,401.731964,412.047028,156.415466,345.492676,457.79245,427.591339,1291.320435,525.415649,237.284958,1294.066528,331.303467,,,,,,,,,,,,,,,,,,,
161,1.341667,561.800659,399.076202,415.884277,157.830063,345.264679,458.862488,430.095734,1290.62561,527.61084,239.671066,1293.652832,333.822784,,,,,,,,,,,,,,,,,,,
162,1.35,565.119019,396.35202,419.711456,159.487915,345.03717,460.055389,432.772247,1290.036377,529.87262,242.111435,1293.157471,336.239349,,,,,,,,,,,,,,,,,,,
163,1.358333,568.457275,393.598419,423.606415,161.109299,344.783844,461.281372,435.523102,1289.323486,532.080078,244.648315,1292.593628,338.745209,,,,,,,,,,,,,,,,,,,
164,1.366667,571.743835,390.766815,427.432312,162.83548,344.559021,462.500275,438.287018,1288.617554,534.389465,247.166122,1292.075684,341.35022,,,,,,,,,,,,,,,,,,,
165,1.375,574.817749,387.950226,431.251343,164.546875,344.302612,463.671661,441.157257,1287.877319,536.700195,249.803619,1291.495728,343.931122,,,,,,,,,,,,,,,,,,,
166,1.383333,577.777466,385.305756,435.00882,166.35083,344.118256,465.04068,444.106689,1287.248169,539.009033,252.550751,1290.90271,346.51001,,,,,,,,,,,,,,,,,,,
167,1.391667,580.444763,382.678345,438.661713,168.016434,343.871735,466.307861,447.139557,1286.543701,541.368774,255.515732,1290.270386,349.126495,,,,,,,,,,,,,,,,,,,
168,1.4,582.85199,380.300568,442.200287,169.759537,343.65863,467.592102,450.254578,1285.792236,543.744141,258.391998,1289.659912,351.758301,,,,,,,,,,,,,,,,,,,
169,1.408333,585.163086,378.029633,445.729492,171.496918,343.452454,469.005585,453.485199,1285.016846,546.145996,261.484131,1288.987793,354.395844,,,,,,,,,,,,,,,,,,,
170,1.416667,587.377014,375.886932,449.176605,173.340164,343.255981,470.411682,456.887085,1284.300659,548.623596,264.698029,1288.237793,357.101501,,,,,,,,,,,,,,,,,,,
171,1.425,589.63385,373.827484,452.584595,175.050629,343.059296,471.719788,460.348114,1283.571045,551.138611,267.965973,1287.556396,359.776825,,,,,,,,,,,,,,,,,,,
172,1.433333,591.776855,371.886261,455.932404,176.913162,342.838257,473.158936,463.849945,1282.708252,553.684692,271.409363,1286.762573,362.423248,,,,,,,,,,,,,,,,,,,
173,1.441667,593.9375,369.873138,459.249146,178.773651,342.591309,474.618439,467.450012,1281.910767,556.26355,274.925659,1285.958496,365.104767,,,,,,,,,,,,,,,,,,,
174,1.45,596.031189,367.944672,462.350037,180.619522,342.359131,476.037964,471.237488,1281.103516,558.966492,278.589783,1285.169434,367.795593,,,,,,,,,,,,,,,,,,,
175,1.458333,598.011047,366.02832,465.367859,182.499374,342.241333,477.55069,475.037689,1280.254028,561.654236,282.465576,1284.261963,370.470612,,,,,,,,,,,,,,,,,,,
176,1.466667,599.812256,364.061859,468.128113,184.322556,341.997559,479.010376,478.82135,1279.417969,564.41571,286.380035,1283.341431,373.103699,,,,,,,,,,,,,,,,,,,
177,1.475,601.592834,362.222351,470.790466,186.141434,341.955414,480.493591,482.734863,1278.560547,567.198242,290.358215,1282.455322,375.754242,,,,,,,,,,,,,,,,,,,
178,1.483333,603.160828,360.343079,473.242004,187.802612,341.912079,481.904663,486.683594,1277.692017,570.07196,294.52887,1281.466431,378.352997,,,,,,,,,,,,,,,,,,,
179,1.491667,604.75946,358.663422,475.616364,189.577225,341.900177,483.355438,490.695404,1276.853149,572.935669,298.766693,1280.488525,380.916229,,,,,,,,,,,,,,,,,,,
180,1.5,606.418945,357.170074,478.101257,191.29747,342.002441,484.807617,494.771271,1276.023193,575.853394,303.147217,1279.453735,383.466797,,,,,,,,,,,,,,,,,,,
181,1.508333,608.373596,356.020142,480.779907,193.055603,342.207855,486.223694,498.873779,1275.240967,578.838196,307.598145,1278.533569,386.027039,,,,,,,,,,,,,,,,,,,
182,1.516667,610.509766,355.272491,483.71933,195.035156,342.629547,487.716766,502.996033,1274.57605,581.818665,312.070068,1277.721436,388.598328,,,,,,,,,,,,,,,,,,,
183,1.525,613.225159,355.051941,487.255585,197.013245,343.123444,489.307831,507.115417,1273.967285,584.870056,316.671478,1277.138916,391.210724,,,,,,,,,,,,,,,,,,,
184,1.533333,616.458069,355.044464,490.979645,199.289383,343.766907,491.038605,511.260437,1273.565674,587.863159,321.288391,1276.815063,393.832428,,,,,,,,,,,,,,,,,,,
185,1.541667,620.128784,355.293335,494.579498,201.72818,344.533966,492.977631,515.34845,1273.398926,590.85376,325.903748,1276.762817,396.477966,,,,,,,,,,,,,,,,,,,
186,1.55,623.982117,355.638031,497.89621,204.314468,345.466217,495.098145,519.579529,1273.460449,593.890869,330.46405,1276.86084,399.123138,,,,,,,,,,,,,,,,,,,
187,1.558333,627.47876,355.900818,500.765442,207.190292,346.457001,497.453461,523.769409,1273.703003,596.914246,334.87558,1277.141724,401.881836,,,,,,,,,,,,,,,,,,,
188,1.566667,630.179443,355.997864,503.409637,210.206238,347.591949,500.172668,528.101624,1274.192627,599.882996,339.263367,1277.601929,404.655426,,,,,,,,,,,,,,,,,,,
189,1.575,632.294678,355.88266,505.062866,213.59964,348.796478,503.254059,532.394226,1274.80603,602.942444,343.686035,1278.124023,407.409454,,,,,,,,,,,,,,,,,,,
190,1.583333,633.853333,355.755798,506.126404,217.206192,350.22406,506.686523,536.662109,1275.66626,605.969482,348.17572,1278.743774,410.058655,,,,,,,,,,,,,,,,,,,
191,1.591667,635.015076,355.438599,506.43866,221.091354,351.798828,510.491486,540.943726,1276.714111,609.014221,352.702484,1279.518066,412.763489,,,,,,,,,,,,,,,,,,,
192,1.6,635.767334,355.054382,506.606171,225.197525,353.440216,514.67804,545.195068,1277.885498,612.080566,357.309509,1280.371094,415.41217,,,,,,,,,,,,,,,,,,,
193,1.608333,636.27771,354.703522,506.542206,229.564026,355.202728,519.186646,549.352844,1279.144897,615.183533,362.164398,1281.368652,417.913391,,,,,,,,,,,,,,,,,,,
194,1.616667,636.781006,354.310181,506.294678,234.168655,357.276184,524.117798,553.399841,1280.506958,618.359924,366.887024,1282.393555,420.38385,,,,,,,,,,,,,,,,,,,
195,1.625,637.412048,353.9617,505.937347,239.115265,359.398438,529.551819,557.456787,1282.039185,621.570862,371.744598,1283.567017,422.800598,,,,,,,,,,,,,,,,,,,
196,1.633333,638.072144,353.705139,505.603851,244.400742,361.579376,535.557617,561.40033,1283.640625,624.819824,376.666504,1284.724243,425.095245,,,,,,,,,,,,,,,,,,,
197,1.641667,638.757751,353.511749,505.235657,250.042648,363.829803,542.039795,565.234314,1285.238892,628.055969,381.545563,1285.950073,427.394409,,,,,,,,,,,,,,,,,,,
198,1.65,639.382141,353.361481,504.830719,256.129242,366.110138,549.022217,568.98645,1286.867188,631.341736,386.515656,1287.16626,429.557739,,,,,,,,,,,,,,,,,,,
199,1.658333,640.04834,353.259979,504.292603,262.399109,368.362213,556.366211,572.706604,1288.498047,634.624084,391.380646,1288.363525,431.698486,,,,,,,,,,,,,,,,,,,
200,1.666667,640.747131,353.188293,503.600372,268.955444,370.835083,564.142273,576.236084,1289.938477,637.895935,396.258728,1289.510742,433.845184,,,,,,,,,,,,,,,,,,,
201,1.675,641.423279,353.040771,502.777588,275.681061,373.179657,572.161804,579.698425,1291.285156,641.21106,401.10321,1290.574951,435.91095,,,,,,,,,,,,,,,,,,,
202,1.683333,642.12738,352.81189,501.814972,282.532318,375.724854,580.391418,583.252869,1292.692261,644.704346,405.865021,1291.590576,437.999176,,,,,,,,,,,,,,,,,,,
203,1.691667,642.828125,352.586273,500.781891,289.345093,378.517639,588.794067,586.53479,1293.744263,647.91449,410.596954,1292.518677,440.072998,,,,,,,,,,,,,,,,,,,
204,1.7,643.37323,352.31012,499.723114,296.457062,381.277649,597.133911,589.5849,1294.645752,651.168762,415.208405,1293.4021,442.079468,,,,,,,,,,,,,,,,,,,
205,1.708333,643.962585,352.075928,498.678802,303.634277,384.000366,605.708618,592.604309,1295.407227,654.354126,419.864014,1294.319214,444.096313,,,,,,,,,,,,,,,,,,,
206,1.716667,644.497986,351.918213,497.740997,310.687622,386.95108,614.440186,595.534058,1296.028076,657.585144,424.392853,1295.158447,446.11261,,,,,,,,,,,,,,,,,,,
207,1.725,644.8349,351.735748,496.848389,317.790863,389.87854,623.046509,598.360779,1296.61145,660.784851,428.7677,1295.981812,448.146118,,,,,,,,,,,,,,,,,,,
208,1.733333,645.077209,351.599335,496.0177,324.88678,392.778046,631.488464,601.085754,1297.11438,663.973938,433.167999,1296.761719,450.146149,,,,,,,,,,,,,,,,,,,
209,1.741667,645.257751,351.476898,495.207825,331.871063,395.771851,639.735962,603.769897,1297.573975,667.174805,437.41803,1297.50293,452.202301,,,,,,,,,,,,,,,,,,,
210,1.75,645.403503,351.459747,494.374786,338.922272,398.767883,647.727905,606.464294,1297.952148,670.398193,441.614441,1298.220825,454.269653,,,,,,,,,,,,,,,,,,,
211,1.758333,645.569092,351.490936,493.651733,345.816376,401.781219,655.701538,609.093079,1298.371216,673.523987,445.701691,1298.874878,456.392944,,,,,,,,,,,,,,,,,,,
212,1.766667,645.782043,351.532776,492.979828,352.709381,404.576599,663.632813,611.667358,1298.791748,676.591248,449.608948,1299.497192,458.511963,,,,,,,,,,,,,,,,,,,
213,1.775,646.047424,351.565735,492.399139,359.487885,407.206665,671.558105,614.354187,1299.227539,679.612,453.391418,1300.116211,460.759613,,,,,,,,,,,,,,,,,,,
214,1.783333,646.436707,351.613922,491.899811,366.234802,409.614532,679.563416,617.005615,1299.603516,682.681213,457.170532,1300.702637,462.962769,,,,,,,,,,,,,,,,,,,
215,1.791667,646.91217,351.665619,491.58316,373.153931,411.594604,687.707336,619.668701,1300.036011,685.617371,460.863708,1301.251831,465.262787,,,,,,,,,,,,,,,,,,,
216,1.8,647.560852,351.778351,491.348816,379.96582,413.211731,695.837769,622.345581,1300.459961,688.638245,464.53241,1301.813232,467.489075,,,,,,,,,,,,,,,,,,,
217,1.808333,648.230164,351.894653,491.24176,386.88382,414.481659,703.985291,625.071777,1300.83252,691.560059,468.091675,1302.334229,469.88031,,,,,,,,,,,,,,,,,,,
218,1.816667,648.894775,352.023376,491.256744,393.773468,415.282867,712.180298,627.812622,1301.221069,694.402588,471.583496,1302.770508,472.259735,,,,,,,,,,,,,,,,,,,
219,1.825,649.501648,352.152008,491.381104,400.516296,415.787476,720.290283,630.555115,1301.579224,697.338318,475.049652,1303.231812,474.72168,,,,,,,,,,,,,,,,,,,
220,1.833333,650.048096,352.299713,491.560211,407.368774,415.97229,728.304871,633.353516,1301.882813,700.176392,478.462463,1303.687622,477.150482,,,,,,,,,,,,,,,,,,,
221,1.841667,650.521606,352.434387,491.78244,414.060913,415.895233,736.300903,636.018005,1302.126099,703.090088,481.877228,1304.069092,479.620636,,,,,,,,,,,,,,,,,,,
222,1.85,651.002258,352.611267,492.055725,420.673187,415.51123,744.169678,638.800964,1302.375732,705.954712,485.207794,1304.463013,482.141205,,,,,,,,,,,,,,,,,,,
223,1.858333,651.550842,352.806396,492.40506,427.159485,414.973724,751.854858,641.519104,1302.562744,708.83252,488.545868,1304.779907,484.610779,,,,,,,,,,,,,,,,,,,
224,1.866667,652.196472,353.108398,492.876617,433.529694,414.163788,759.461304,644.271484,1302.727051,711.743469,491.779816,1305.118042,487.274719,,,,,,,,,,,,,,,,,,,
225,1.875,652.842773,353.364319,493.437164,439.877289,413.114441,766.950134,646.998718,1302.827759,714.68042,495.099884,1305.391846,489.811096,,,,,,,,,,,,,,,,,,,
226,1.883333,653.497925,353.568085,494.085327,445.990448,411.850983,774.179443,649.622192,1302.900024,717.676941,498.318451,1305.569214,492.461426,,,,,,,,,,,,,,,,,,,
227,1.891667,654.145752,353.731262,494.811035,452.03479,410.438843,781.229065,652.299438,1302.908203,720.721863,501.471222,1305.794678,495.17041,,,,,,,,,,,,,,,,,,,
228,1.9,654.908203,353.902802,495.641083,457.80658,408.864899,788.213379,654.980225,1302.943359,723.738831,504.66626,1305.8927,497.925476,,,,,,,,,,,,,,,,,,,
229,1.908333,655.773865,354.125549,496.631775,463.595551,407.052521,795.030029,657.631165,1302.899414,726.774841,507.781036,1305.955566,500.70816,,,,,,,,,,,,,,,,,,,
230,1.916667,656.635437,354.275421,497.589661,469.178253,405.108765,801.832886,660.27063,1302.863281,729.900024,510.87558,1305.973145,503.625763,,,,,,,,,,,,,,,,,,,
231,1.925,657.451477,354.420044,498.645142,474.609009,403.022614,808.369263,663.005554,1302.780518,733.071716,513.932373,1305.966919,506.518555,,,,,,,,,,,,,,,,,,,
232,1.933333,658.271912,354.557831,499.642303,479.999573,400.769653,814.831421,665.626343,1302.637085,736.297974,516.958984,1305.975098,509.521973,,,,,,,,,,,,,,,,,,,
233,1.941667,659.107849,354.740906,500.752991,485.246826,398.442261,821.214966,668.238037,1302.439697,739.53186,519.949524,1305.949219,512.580994,,,,,,,,,,,,,,,,,,,
234,1.95,659.902527,354.891235,501.812042,490.456085,396.001831,827.437866,670.817322,1302.197754,742.88623,522.913635,1305.870605,515.692444,,,,,,,,,,,,,,,,,,,
235,1.958333,660.71051,355.029541,502.933075,495.387878,393.526733,833.572998,673.506775,1301.994507,746.251343,525.888245,1305.74353,518.898804,,,,,,,,,,,,,,,,,,,
236,1.966667,661.486023,355.175812,504.052826,500.428925,391.075012,839.620422,676.050415,1301.716675,749.694397,528.804077,1305.612793,522.159241,,,,,,,,,,,,,,,,,,,
237,1.975,662.289246,355.327515,505.281219,505.216827,388.529236,845.591309,678.690613,1301.422852,753.162354,531.741699,1305.443115,525.480652,,,,,,,,,,,,,,,,,,,
238,1.983333,663.142822,355.451172,506.588348,510.119141,385.958954,851.586487,681.295166,1301.10791,756.72345,534.686646,1305.179443,528.852539,,,,,,,,,,,,,,,,,,,
239,1.991667,663.902527,355.403015,507.955261,514.773254,383.411804,857.469727,683.925476,1300.702148,760.362671,537.588989,1304.875854,532.29071,,,,,,,,,,,,,,,,,,,
240,2,664.643555,355.393677,509.500092,519.40155,380.946594,863.221558,686.507324,1300.280396,763.979309,540.469055,1304.522339,535.755432,,,,,,,,,,,,,,,,,,,
241,2.008333,665.394592,355.445221,511.001587,523.917603,378.673218,868.939026,689.072388,1299.811768,767.690918,543.298096,1304.101929,539.352173,,,,,,,,,,,,,,,,,,,
242,2.016667,666.143738,355.382721,512.547913,528.460083,376.663788,874.567627,691.721985,1299.218628,771.541626,546.111389,1303.612305,543.066101,,,,,,,,,,,,,,,,,,,
243,2.025,666.843445,355.284668,514.089783,532.837463,374.690033,880.072571,694.24054,1298.666016,775.392822,548.928833,1303.077393,546.786865,,,,,,,,,,,,,,,,,,,
244,2.033333,667.619812,355.339752,515.644714,537.178955,372.971344,885.607605,696.910034,1298.033691,779.296509,551.690491,1302.458496,550.599731,,,,,,,,,,,,,,,,,,,
245,2.041667,668.466797,355.329376,517.196777,541.597473,371.483765,891.102966,699.414673,1297.268066,783.30481,554.416504,1301.791748,554.471191,,,,,,,,,,,,,,,,,,,
246,2.05,669.38501,355.239899,518.865173,545.785156,370.044159,896.518433,701.940491,1296.494873,787.340576,557.153992,1301.091431,558.363403,,,,,,,,,,,,,,,,,,,
247,2.058333,670.365662,355.172943,520.613281,549.978088,368.961395,901.96936,704.492798,1295.686035,791.488953,559.827454,1300.359985,562.379822,,,,,,,,,,,,,,,,,,,
248,2.066667,671.407471,355.149597,522.499329,554.064575,367.884125,907.347351,706.952515,1294.790527,795.668274,562.528564,1299.55481,566.404053,,,,,,,,,,,,,,,,,,,
249,2.075,672.516174,355.007629,524.448303,557.8927,367.003204,912.658081,709.458862,1293.923218,799.876404,565.11145,1298.713257,570.582214,,,,,,,,,,,,,,,,,,,
250,2.083333,673.613586,354.832153,526.522034,561.644958,366.109894,917.817444,711.919922,1292.920166,804.202332,567.798218,1297.840088,574.700623,,,,,,,,,,,,,,,,,,,
251,2.091667,674.862,354.720764,528.713318,565.135742,365.353821,922.822449,714.458984,1292.023315,808.505615,570.408997,1296.875854,579.006958,,,,,,,,,,,,,,,,,,,
252,2.1,676.039368,354.462921,531.009644,568.368164,364.352173,927.514465,716.919739,1291.021606,812.991638,572.987366,1295.92981,583.342224,,,,,,,,,,,,,,,,,,,
253,2.108333,677.360352,354.203888,533.401123,571.524292,363.327728,931.95813,719.333618,1290.042603,817.525208,575.574463,1294.939819,587.767578,,,,,,,,,,,,,,,,,,,
254,2.116667,678.786194,354.047028,535.925964,574.461121,362.219391,936.253296,721.790833,1289.0896,822.053406,578.173401,1293.933838,592.271423,,,,,,,,,,,,,,,,,,,
255,2.125,680.226624,353.79126,538.476685,577.266235,361.032715,940.261475,724.335022,1288.142944,826.69165,580.7323,1292.945435,596.810791,,,,,,,,,,,,,,,,,,,
256,2.133333,681.743225,353.69278,541.191162,579.930298,359.854156,943.936584,726.763306,1287.249878,831.417725,583.335999,1291.956665,601.47052,,,,,,,,,,,,,,,,,,,
257,2.141667,683.294434,353.523987,543.867371,582.564087,358.61734,947.519165,729.145508,1286.353271,836.235352,585.785278,1291.002075,606.183411,,,,,,,,,,,,,,,,,,,
258,2.15,684.929565,353.526398,546.694946,585.121399,357.384979,950.775208,731.594788,1285.550293,841.083435,588.281006,1290.053589,610.969238,,,,,,,,,,,,,,,,,,,
259,2.158333,686.600586,353.552032,549.607605,587.525513,355.988312,953.742249,734.053833,1284.72644,845.981628,590.777405,1289.115723,615.803162,,,,,,,,,,,,,,,,,,,
260,2.166667,688.445374,353.653992,552.64325,589.866272,354.610504,956.51355,736.434082,1284.052612,850.957886,593.126892,1288.19397,620.775146,,,,,,,,,,,,,,,,,,,
261,2.175,690.258667,353.725739,555.741821,592.100159,353.069214,959.06543,738.862915,1283.424316,855.996338,595.422424,1287.261841,625.872925,,,,,,,,,,,,,,,,,,,
262,2.183333,692.187439,353.801514,559.013489,594.221985,351.482574,961.391052,741.324951,1282.837646,861.086487,597.671021,1286.327637,630.956421,,,,,,,,,,,,,,,,,,,
263,2.191667,694.20282,354.031769,562.37677,596.254578,349.907867,963.502441,743.774841,1282.415894,866.239258,599.86908,1285.403076,636.22406,,,,,,,,,,,,,,,,,,,
264,2.2,696.334961,354.270416,565.926575,598.48999,348.508423,965.494263,746.233398,1282.036377,871.406494,602.078918,1284.548584,641.590271,,,,,,,,,,,,,,,,,,,
265,2.208333,698.629883,354.614838,569.592712,600.984863,347.513428,967.752075,748.779419,1281.832153,876.608643,604.138916,1283.773315,647.004822,,,,,,,,,,,,,,,,,,,
266,2.216667,701.00824,355.16568,573.509949,603.303772,346.717194,970.563538,751.313538,1281.813599,881.806885,606.141296,1283.223267,652.506592,,,,,,,,,,,,,,,,,,,
267,2.225,703.655823,355.867279,577.539917,605.275391,346.385803,974.143188,753.842529,1281.882446,887.07489,608.240967,1282.731323,658.01593,,,,,,,,,,,,,,,,,,,
268,2.233333,706.410095,356.698395,581.739258,607.053833,346.358246,978.24707,756.456726,1282.102417,892.344971,610.331848,1282.489136,663.575623,,,,,,,,,,,,,,,,,,,
269,2.241667,709.411316,357.844299,586.21936,608.495605,346.699677,982.181213,759.051941,1282.582031,897.608704,612.324829,1282.481812,669.108704,,,,,,,,,,,,,,,,,,,
270,2.25,712.727844,359.284058,590.991882,609.465881,347.113403,985.656494,761.576599,1283.269409,902.868164,614.34314,1282.772461,674.580872,,,,,,,,,,,,,,,,,,,
271,2.258333,716.452698,360.992096,596.278198,610.159241,347.722473,988.834534,764.196777,1284.251465,908.118713,616.535522,1283.31189,679.994934,,,,,,,,,,,,,,,,,,,
272,2.266667,720.664734,362.896606,602.099304,610.586609,348.368988,991.643066,766.756165,1285.344238,913.249695,618.763672,1284.015991,685.324951,,,,,,,,,,,,,,,,,,,
273,2.275,725.532349,365.016449,608.596436,610.99585,348.893188,994.110535,769.395325,1286.646973,918.384277,620.915222,1284.764648,690.615356,,,,,,,,,,,,,,,,,,,
274,2.283333,731.178772,367.293976,615.700623,611.098572,349.242249,996.381653,771.933655,1288.011475,923.496155,623.02002,1285.531738,695.950745,,,,,,,,,,,,,,,,,,,
275,2.291667,737.485718,369.46225,623.51709,611.276917,349.564056,998.563049,774.420471,1289.463257,928.574707,625.106018,1286.279907,701.267578,,,,,,,,,,,,,,,,,,,
276,2.3,744.584167,371.615967,631.809204,611.633362,349.65451,1000.628357,776.958008,1290.839233,933.529724,627.092957,1286.9729,706.621643,,,,,,,,,,,,,,,,,,,
277,2.308333,752.301514,373.715515,640.739075,611.83374,349.549469,1002.391724,779.509644,1292.146973,938.486816,628.996521,1287.653564,711.973389,,,,,,,,,,,,,,,,,,,
278,2.316667,760.643616,375.821075,650.094238,612.135803,349.330292,1004.001404,781.979431,1293.241821,943.422607,630.674927,1288.254395,717.330261,,,,,,,,,,,,,,,,,,,
279,2.325,769.204468,377.74646,659.789612,612.506958,348.885162,1005.285645,784.553223,1294.144775,948.200195,632.207214,1288.726563,722.746033,,,,,,,,,,,,,,,,,,,
280,2.333333,778.278992,380.02359,669.874207,612.8526,348.307922,1006.419434,787.080444,1294.823364,952.904846,633.644897,1289.052979,728.140625,,,,,,,,,,,,,,,,,,,
281,2.341667,787.471924,382.106445,680.103333,612.912781,347.746368,1007.335571,789.58667,1295.27124,957.528687,634.915161,1289.258423,733.565735,,,,,,,,,,,,,,,,,,,
282,2.35,796.822754,384.545898,690.487305,612.94043,347.308228,1008.227112,792.09552,1295.378662,961.674194,636.15979,1289.454712,738.987793,,,,,,,,,,,,,,,,,,,
283,2.358333,806.061096,386.91214,700.871155,612.913391,346.907013,1009.327271,794.674683,1295.412354,965.980103,637.285156,1289.583374,744.332397,,,,,,,,,,,,,,,,,,,
284,2.366667,815.263489,389.57608,711.351013,612.756531,346.575562,1010.396484,797.307312,1295.307129,970.197632,638.402527,1289.705811,749.657166,,,,,,,,,,,,,,,,,,,
285,2.375,824.103027,392.382935,721.981079,612.624023,346.437988,1011.668945,799.931763,1295.244629,974.332275,639.523254,1289.903931,754.883972,,,,,,,,,,,,,,,,,,,
286,2.383333,832.744202,395.34021,732.553223,612.618896,346.320862,1012.920471,802.61731,1295.220215,978.39563,640.681641,1290.11792,759.98938,,,,,,,,,,,,,,,,,,,
287,2.391667,841.145508,398.404541,743.062073,612.641235,346.325928,1014.082886,805.350159,1295.230713,982.389954,641.828613,1290.503052,765.011719,,,,,,,,,,,,,,,,,,,
288,2.4,849.276489,401.720367,753.545227,612.724182,346.41748,1015.325928,808.103149,1295.2771,986.305481,643.007202,1290.878784,769.994873,,,,,,,,,,,,,,,,,,,
289,2.408333,857.266541,405.180267,763.801758,612.95697,346.463409,1016.454834,810.849792,1295.488892,990.196655,644.332458,1291.272461,774.840393,,,,,,,,,,,,,,,,,,,
290,2.416667,864.907227,408.615143,773.9104,613.31543,346.50827,1017.524719,813.547791,1295.748901,993.95752,645.722656,1291.760498,779.623535,,,,,,,,,,,,,,,,,,,
291,2.425,872.199341,411.954987,783.778809,613.754395,346.649689,1018.575195,816.193542,1296.223022,997.714355,647.235352,1292.249634,784.322815,,,,,,,,,,,,,,,,,,,
292,2.433333,879.345764,415.42514,793.645752,614.255981,346.807953,1019.449219,818.760132,1296.751709,1001.420959,648.796509,1292.755615,788.809631,,,,,,,,,,,,,,,,,,,
293,2.441667,886.201965,418.583588,803.419617,614.885864,346.941345,1020.209167,821.352722,1297.345093,1005.149475,650.331787,1293.349976,793.416321,,,,,,,,,,,,,,,,,,,
294,2.45,893.033447,421.660126,813.203735,615.6521,347.088684,1021.06488,823.864868,1298.024292,1008.895874,651.941528,1294.054077,797.925903,,,,,,,,,,,,,,,,,,,
295,2.458333,899.745972,424.533173,822.890869,616.371948,347.27655,1021.84668,826.360596,1298.689453,1012.583008,653.608032,1294.686523,802.410095,,,,,,,,,,,,,,,,,,,
296,2.466667,906.36554,427.010162,832.379211,617.135498,347.529083,1022.786499,828.867798,1299.317749,1016.297119,655.383484,1295.396118,806.703125,,,,,,,,,,,,,,,,,,,
297,2.475,912.916077,429.295105,841.85144,618.118713,347.768555,1023.952942,831.391052,1299.987061,1020.025146,657.191467,1296.116455,811.069336,,,,,,,,,,,,,,,,,,,
298,2.483333,919.255066,431.279816,851.222046,619.182007,348.016907,1025.125488,833.943909,1300.638916,1023.737183,659.012146,1296.781372,815.466614,,,,,,,,,,,,,,,,,,,
299,2.491667,925.364929,432.964752,860.451599,620.319214,348.202087,1026.530151,836.507141,1301.213745,1027.435059,660.914246,1297.443359,819.774841,,,,,,,,,,,,,,,,,,,
300,2.5,931.36261,434.525909,869.522705,621.647217,348.380768,1028.037354,839.093018,1301.719849,1031.171143,662.729309,1298.091919,824.16687,,,,,,,,,,,,,,,,,,,
301,2.508333,937.07074,435.691833,878.40863,622.980408,348.530243,1029.645508,841.704407,1302.214844,1034.901001,664.487488,1298.676147,828.593628,,,,,,,,,,,,,,,,,,,
302,2.516667,942.611084,436.590668,887.258179,624.425659,348.729736,1031.334229,844.416626,1302.572876,1038.663696,666.485718,1299.139282,832.915955,,,,,,,,,,,,,,,,,,,
303,2.525,948.021484,437.304871,895.940796,625.94165,348.81543,1032.985107,847.044189,1302.814941,1042.369751,668.408203,1299.595337,837.349792,,,,,,,,,,,,,,,,,,,
304,2.533333,953.164429,437.503143,904.510376,627.506409,348.904999,1034.723755,849.756165,1303.045654,1046.075073,670.225525,1299.931152,841.770142,,,,,,,,,,,,,,,,,,,
305,2.541667,958.30603,437.406403,912.941772,629.050781,348.907928,1036.297363,852.447937,1303.052734,1049.810425,671.751648,1300.484253,845.893555,,,,,,,,,,,,,,,,,,,
306,2.55,963.462769,437.110962,920.978027,630.694092,349.023529,1037.925537,855.19281,1303.059082,1053.536621,673.947693,1300.731567,850.273682,,,,,,,,,,,,,,,,,,,
307,2.558333,968.466125,436.288422,929.023438,632.253845,349.017487,1039.49585,857.943359,1302.908203,1057.287598,676.082214,1300.887695,854.625977,,,,,,,,,,,,,,,,,,,
308,2.566667,973.402222,435.119324,936.855652,633.745972,348.992065,1041.088745,860.752747,1302.734985,1060.966309,678.33197,1300.939453,859.006775,,,,,,,,,,,,,,,,,,,
309,2.575,978.308289,433.622894,944.473083,635.399536,348.997772,1042.836304,863.596741,1302.528442,1064.695435,680.571777,1300.941406,863.314941,,,,,,,,,,,,,,,,,,,
310,2.583333,983.229309,431.801147,951.899902,637.026978,348.942474,1044.630981,866.459656,1302.197388,1068.337036,682.849915,1301.011108,867.646484,,,,,,,,,,,,,,,,,,,
311,2.591667,988.040161,429.566193,959.382751,638.752502,348.874176,1046.494263,869.353699,1301.820313,1072.01355,685.341248,1300.878174,871.884399,,,,,,,,,,,,,,,,,,,
312,2.6,992.80426,427.020691,966.428955,640.370422,348.756989,1048.438843,872.344299,1301.450562,1075.716675,687.68042,1300.833008,876.207336,,,,,,,,,,,,,,,,,,,
313,2.608333,997.560791,424.167877,973.223083,642.195129,348.739197,1050.460449,875.388794,1301.04187,1079.407104,690.217773,1300.623779,880.391174,,,,,,,,,,,,,,,,,,,
314,2.616667,1002.285461,421.095245,979.777588,643.933289,348.476074,1052.391235,878.425903,1300.594971,1083.101318,692.692444,1300.349854,884.702454,,,,,,,,,,,,,,,,,,,
315,2.625,1006.776001,417.60965,986.235779,645.672302,348.384155,1054.27771,881.483093,1300.099365,1086.769043,695.251343,1300.1073,888.970398,,,,,,,,,,,,,,,,,,,
316,2.633333,1011.227844,413.921082,992.320251,647.437805,348.210114,1056.160034,884.653442,1299.588745,1090.505859,697.943665,1299.724243,893.211853,,,,,,,,,,,,,,,,,,,
317,2.641667,1015.642151,409.948914,998.21228,649.132141,347.916412,1057.974854,887.86908,1299.032227,1094.166382,700.599304,1299.287598,897.510986,,,,,,,,,,,,,,,,,,,
318,2.65,1019.847961,405.661163,1004.008545,650.838745,347.667328,1059.798706,891.109558,1298.502319,1097.967529,703.369934,1298.744629,901.784302,,,,,,,,,,,,,,,,,,,
319,2.658333,1023.990051,401.213165,1009.599792,652.576172,347.33844,1061.608154,894.348755,1297.881714,1101.771973,706.108948,1298.190918,906.099731,,,,,,,,,,,,,,,,,,,
320,2.666667,1028.134521,396.646088,1014.996643,654.263916,347.109497,1063.436279,897.726318,1297.30896,1105.591797,709.081909,1297.55835,910.380066,,,,,,,,,,,,,,,,,,,
321,2.675,1032.155273,391.934631,1020.451416,656.054565,346.776703,1065.428589,901.178284,1296.644287,1109.492676,712.014404,1296.830933,914.690613,,,,,,,,,,,,,,,,,,,
322,2.683333,1036.074707,387.180786,1025.733521,657.664978,346.459839,1067.275146,904.656433,1295.891846,1113.337524,715.086914,1296.113892,918.974121,,,,,,,,,,,,,,,,,,,
323,2.691667,1039.904175,382.646667,1030.928101,659.351746,346.220764,1069.221558,908.279236,1295.270874,1117.234131,718.16925,1295.303711,923.370667,,,,,,,,,,,,,,,,,,,
324,2.7,1043.410645,378.221313,1036.060181,661.027161,345.808624,1071.123047,911.912598,1294.591431,1121.215332,721.368896,1294.458984,927.677002,,,,,,,,,,,,,,,,,,,
325,2.708333,1046.928467,374.250549,1041.045776,662.563354,345.541321,1072.983276,915.570068,1293.752075,1125.172485,724.556152,1293.456177,932.036865,,,,,,,,,,,,,,,,,,,
326,2.716667,1050.365723,370.896423,1045.94519,664.228394,345.274384,1074.862549,919.358887,1293.002686,1129.090332,727.875732,1292.528564,936.341919,,,,,,,,,,,,,,,,,,,
327,2.725,1053.560181,367.979187,1050.618652,665.695862,345.138885,1076.706787,923.205078,1292.163208,1133.100342,731.27948,1291.497559,940.681274,,,,,,,,,,,,,,,,,,,
328,2.733333,1056.719238,365.505554,1055.2146,667.380066,344.921997,1078.654541,927.117432,1291.306763,1137.118042,734.835449,1290.387817,944.967651,,,,,,,,,,,,,,,,,,,
329,2.741667,1059.949585,363.425964,1059.991943,668.960938,344.642639,1080.569458,931.103882,1290.533203,1141.16748,738.594604,1289.228027,949.236755,,,,,,,,,,,,,,,,,,,
330,2.75,1063.241211,361.702667,1064.699219,670.573608,344.481781,1082.568726,935.181702,1289.684326,1145.212036,742.370056,1288.027466,953.471191,,,,,,,,,,,,,,,,,,,
331,2.758333,1066.65625,360.279083,1069.462524,672.349976,344.239288,1084.657715,939.319702,1288.807129,1149.278198,746.24408,1286.864014,957.75238,,,,,,,,,,,,,,,,,,,
332,2.766667,1070.057373,359.170959,1074.168701,674.005554,344.0513,1086.77356,943.482727,1287.984863,1153.412109,750.324585,1285.623657,961.898926,,,,,,,,,,,,,,,,,,,
333,2.775,1073.522827,358.33374,1078.595703,675.758057,343.920715,1088.900146,947.731506,1287.115723,1157.529785,754.460449,1284.497192,966.126831,,,,,,,,,,,,,,,,,,,
334,2.783333,1076.609253,357.412628,1082.7323,677.454285,343.862518,1091.065674,952.065735,1286.310303,1161.652466,758.638428,1283.259888,970.253784,,,,,,,,,,,,,,,,,,,
335,2.791667,1079.457153,356.445374,1086.632446,679.167358,343.755157,1093.220459,956.419861,1285.530029,1165.852783,762.882874,1282.296387,974.532043,,,,,,,,,,,,,,,,,,,
336,2.8,1082.093872,355.241943,1090.249634,681.005676,343.897247,1095.490356,960.894836,1284.757935,1170.020752,767.289795,1281.191284,978.721497,,,,,,,,,,,,,,,,,,,
337,2.808333,1084.369385,353.900909,1093.846069,682.939209,343.996094,1097.927246,965.342346,1284.065552,1174.197754,771.600891,1280.396973,982.933472,,,,,,,,,,,,,,,,,,,
338,2.816667,1086.56311,352.678619,1097.320068,684.866943,344.208466,1100.395386,969.925903,1283.426758,1178.370728,776.084473,1279.56897,987.197083,,,,,,,,,,,,,,,,,,,
339,2.825,1088.732422,351.647003,1100.847778,686.896057,344.540466,1102.96582,974.578857,1282.823364,1182.521484,780.48407,1278.887207,991.495483,,,,,,,,,,,,,,,,,,,
340,2.833333,1090.658936,350.632507,1104.658691,689.000244,344.976898,1105.57959,979.292114,1282.349365,1186.679199,785.025879,1278.353516,995.779907,,,,,,,,,,,,,,,,,,,
341,2.841667,1092.719604,350.013611,1108.828003,691.17749,345.533447,1108.349609,984.039856,1281.989624,1190.901123,789.551575,1277.992554,1000.134583,,,,,,,,,,,,,,,,,,,
342,2.85,1095.024414,349.849243,1113.567139,693.552673,346.220215,1111.274536,988.830566,1281.792969,1195.137207,794.216003,1277.762817,1004.464722,,,,,,,,,,,,,,,,,,,
343,2.858333,1097.911621,350.108337,1118.298096,696.07135,347.008514,1114.330566,993.63916,1281.711304,1199.340698,798.965271,1277.71167,1008.802551,,,,,,,,,,,,,,,,,,,
344,2.866667,1101.462891,350.724335,1123.026733,698.764465,347.949097,1117.641724,998.480347,1281.860352,1203.657104,803.801941,1277.90625,1013.10791,,,,,,,,,,,,,,,,,,,
345,2.875,1105.443237,351.365631,1127.590332,701.758057,349.085602,1121.263184,1003.288513,1282.259521,1207.9729,808.457886,1278.308838,1017.406921,,,,,,,,,,,,,,,,,,,
346,2.883333,1109.333252,351.987274,1131.880859,704.758972,350.356903,1125.075806,1008.052246,1282.828369,1212.287598,813.278442,1278.847168,1021.752625,,,,,,,,,,,,,,,,,,,
347,2.891667,1112.925903,352.668701,1135.737915,708.202026,351.734985,1128.868774,1012.772095,1283.655151,1216.690063,818.008179,1279.625488,1026.0177,,,,,,,,,,,,,,,,,,,
348,2.9,1116.077759,353.41394,1139.031494,711.84436,353.374878,1133.234009,1017.503723,1284.666626,1221.008301,822.835693,1280.529419,1030.202637,,,,,,,,,,,,,,,,,,,
349,2.908333,1118.68689,354.111023,1141.643188,715.879272,355.252441,1137.90918,1022.123108,1285.872803,1225.427368,827.773621,1281.594116,1034.328857,,,,,,,,,,,,,,,,,,,
350,2.916667,1121.155273,354.946777,1143.86438,720.151611,357.456787,1142.926025,1026.736816,1287.334229,1229.836914,832.610168,1282.83374,1038.317627,,,,,,,,,,,,,,,,,,,
351,2.925,1123.307251,355.493988,1145.582153,724.958313,359.636658,1148.583008,1031.201416,1288.828369,1234.324585,837.596436,1284.06958,1042.253784,,,,,,,,,,,,,,,,,,,
352,2.933333,1125.2771,356.078217,1147.020874,729.977478,362.194153,1154.894409,1035.660889,1290.478516,1238.837524,842.590759,1285.310913,1046.135254,,,,,,,,,,,,,,,,,,,
353,2.941667,1126.999756,356.328827,1148.251587,735.498596,364.815094,1161.930664,1039.918701,1292.054688,1243.348633,847.61731,1286.54541,1049.849731,,,,,,,,,,,,,,,,,,,
354,2.95,1128.746704,356.398895,1149.385498,741.387268,367.306976,1169.848267,1044.232422,1293.780518,1247.870361,852.701843,1287.73938,1053.460693,,,,,,,,,,,,,,,,,,,
355,2.958333,1130.487549,356.378479,1150.444458,747.830872,369.74234,1178.557495,1048.280151,1295.305054,1252.423706,857.865906,1288.865601,1056.953613,,,,,,,,,,,,,,,,,,,
356,2.966667,1132.262817,356.354309,1151.69751,754.454163,372.032471,1188.057251,1052.304565,1296.847534,1256.992676,862.96698,1289.918579,1060.416748,,,,,,,,,,,,,,,,,,,
357,2.975,1133.944824,356.181183,1153.078735,761.475464,374.450073,1198.12854,1056.245361,1298.210205,1261.612427,868.132507,1290.790039,1063.735596,,,,,,,,,,,,,,,,,,,
358,2.983333,1135.296631,355.91687,1154.583252,768.757202,376.882416,1208.79895,1059.960327,1299.368042,1266.185181,873.310364,1291.530273,1066.996826,,,,,,,,,,,,,,,,,,,
359,2.991667,1136.482666,355.585724,1156.048706,776.355103,379.536285,1219.832764,1063.692139,1300.425903,1270.863037,878.578613,1292.08606,1070.081055,,,,,,,,,,,,,,,,,,,
360,3,1137.77478,355.361969,1157.535034,784.099548,382.225159,1231.256958,1067.233398,1301.245728,1275.499146,883.602051,1292.579224,1073.101685,,,,,,,,,,,,,,,,,,,
361,3.008333,1139.205444,355.104126,1158.869629,792.036743,384.867767,1242.900513,1070.623657,1301.869873,1280.110229,888.780823,1292.873291,1076.074097,,,,,,,,,,,,,,,,,,,
362,3.016667,1140.860474,354.900665,1160.162964,800.135681,387.756683,1254.614502,1073.529297,1302.092041,1284.42749,893.70813,1293.087036,1078.932739,,,,,,,,,,,,,,,,,,,
363,3.025,1142.699097,354.732208,1161.507324,808.282471,390.707367,1266.244263,1076.511841,1302.372925,1288.9552,898.659668,1293.271973,1081.744385,,,,,,,,,,,,,,,,,,,
364,3.033333,1144.485962,354.591675,1162.831177,816.571777,393.771881,1277.859253,1079.364746,1302.577759,1293.396973,903.595032,1293.467407,1084.489624,,,,,,,,,,,,,,,,,,,
365,3.041667,1146.175903,354.438324,1164.214844,824.684021,396.906189,1289.245728,1081.967529,1302.614258,1297.829346,908.427368,1293.67688,1087.16626,,,,,,,,,,,,,,,,,,,
366,3.05,1147.758911,354.339844,1165.650024,832.976624,400.030975,1300.566284,1084.537109,1302.687866,1302.233154,912.851563,1294.068604,1089.875244,,,,,,,,,,,,,,,,,,,
367,3.058333,1149.077148,354.265503,1167.012207,841.143433,403.197449,1311.558105,1086.979248,1302.741577,1306.621582,917.272583,1294.478394,1092.487061,,,,,,,,,,,,,,,,,,,
368,3.066667,1150.248535,354.156891,1168.417114,849.14502,406.567657,1322.300903,1089.321167,1302.880127,1310.949707,921.489868,1294.891113,1095.181763,,,,,,,,,,,,,,,,,,,
369,3.075,1151.125488,354.118225,1169.613525,857.130005,409.915527,1332.595459,1091.525757,1303.099976,1315.178833,926.224121,1295.11499,1098.189331,,,,,,,,,,,,,,,,,,,
370,3.083333,1151.998413,354.142914,1170.712158,865.286194,413.414093,1342.46936,1093.660645,1303.331055,1319.409546,930.427734,1295.546387,1100.877563,,,,,,,,,,,,,,,,,,,
371,3.091667,1152.841919,354.226776,1171.674316,873.300476,417.063843,1352.040527,1095.815308,1303.763062,1323.57959,934.523315,1296.052979,1103.627441,,,,,,,,,,,,,,,,,,,
372,3.1,1153.75,354.356628,1172.59082,881.287903,420.654724,1361.340088,1097.913696,1304.264893,1327.611084,935.765808,1297.695557,1104.971924,,,,,,,,,,,,,,,,,,,
373,3.108333,1154.700928,354.530823,1173.545044,889.114868,423.979431,1370.612183,1099.99231,1304.795532,1331.641724,942.436035,1297.283936,1109.203857,,,,,,,,,,,,,,,,,,,
374,3.116667,1155.588989,354.658264,1174.439453,896.777832,427.034454,1379.836792,1102.101685,1305.457764,1335.661865,946.285767,1297.963379,1111.916382,,,,,,,,,,,,,,,,,,,
375,3.125,1156.505249,354.777039,1175.409546,904.415894,429.738037,1389.003418,1104.195801,1306.155029,1339.625977,950.048157,1298.677246,1114.724731,,,,,,,,,,,,,,,,,,,
376,3.133333,1157.424194,354.919037,1176.322632,911.978577,431.999451,1397.992065,1106.310181,1306.856689,1343.583496,953.553223,1299.437378,1117.358032,,,,,,,,,,,,,,,,,,,
377,3.141667,1158.29895,355.200195,1177.264771,919.399109,433.837433,1406.939453,1108.458008,1307.642822,1347.555298,957.371094,1300.053589,1120.27124,,,,,,,,,,,,,,,,,,,
378,3.15,1159.144287,355.430206,1178.172119,926.603638,435.319885,1415.498901,1110.638916,1308.353027,1351.486328,961.204956,1300.558838,1123.277832,,,,,,,,,,,,,,,,,,,
379,3.158333,1160.04541,355.694641,1179.124512,933.78595,436.342438,1423.897095,1112.876465,1309.047974,1355.40564,965.039978,1301.052002,1126.24939,,,,,,,,,,,,,,,,,,,
380,3.166667,1160.785156,355.783752,1180.002808,940.803406,436.997528,1432.086548,1115.15332,1309.722168,1359.346313,968.773682,1301.477539,1129.202026,,,,,,,,,,,,,,,,,,,
381,3.175,1161.668579,355.988281,1181.036865,947.598755,437.413971,1439.912964,1117.442017,1310.270874,1363.170288,972.371948,1301.880249,1132.140747,,,,,,,,,,,,,,,,,,,
382,3.183333,1162.53772,356.131989,1182.132813,954.10553,437.569397,1447.60022,1119.75354,1310.740601,1367.009033,975.963928,1302.199951,1135.172607,,,,,,,,,,,,,,,,,,,
383,3.191667,1163.532104,356.314545,1183.345947,960.358948,437.203522,1455.012207,1122.103271,1311.097656,1370.766968,979.424561,1302.463623,1138.198242,,,,,,,,,,,,,,,,,,,
384,3.2,1164.483154,356.403839,1184.584595,966.458862,436.495544,1462.264648,1124.485229,1311.367065,1374.505981,982.806946,1302.703125,1141.175171,,,,,,,,,,,,,,,,,,,
385,3.208333,1165.577515,356.502228,1186.028076,972.271851,435.482086,1469.387085,1126.939819,1311.523193,1378.21582,986.112793,1302.896851,1144.332153,,,,,,,,,,,,,,,,,,,
386,3.216667,1166.626953,356.565277,1187.641113,977.808716,434.157898,1476.215332,1129.431763,1311.608521,1381.886841,989.310791,1303.00061,1147.44751,,,,,,,,,,,,,,,,,,,
387,3.225,1167.716797,356.683167,1189.315552,983.05603,432.494049,1482.828003,1131.979004,1311.557495,1385.48291,992.409973,1303.139648,1150.592529,,,,,,,,,,,,,,,,,,,
388,3.233333,1168.783813,356.705322,1191.05249,987.96405,430.605927,1489.392578,1134.439941,1311.393799,1389.005005,995.381165,1303.147705,1153.938477,,,,,,,,,,,,,,,,,,,
389,3.241667,1169.850342,356.573334,1192.841553,992.766541,428.310089,1495.796021,1136.903442,1311.085327,1392.530762,998.130249,1303.169189,1157.238403,,,,,,,,,,,,,,,,,,,
390,3.25,1170.880493,356.586151,1194.640259,997.200317,425.745331,1502.015015,1139.461304,1310.762817,1395.981567,1000.923401,1303.091675,1160.554565,,,,,,,,,,,,,,,,,,,
391,3.258333,1171.938843,356.536346,1196.475464,1001.319153,422.872223,1508.074463,1142.08728,1310.423096,1399.482788,1003.594666,1303.070923,1164.065552,,,,,,,,,,,,,,,,,,,
392,3.266667,1172.978149,356.498871,1198.178833,1005.420654,419.69165,1514.098267,1144.644897,1310.032227,1402.943237,1005.972839,1302.964966,1167.50354,,,,,,,,,,,,,,,,,,,
393,3.275,1174.033081,356.377289,1199.86377,1009.278625,416.208099,1520.028076,1147.200928,1309.546265,1406.432129,1008.489746,1302.806641,1171.103882,,,,,,,,,,,,,,,,,,,
394,3.283333,1175.15332,356.371338,1201.59436,1012.843506,412.588623,1525.662231,1149.818359,1309.069946,1409.886963,1010.855408,1302.612305,1174.729004,,,,,,,,,,,,,,,,,,,
395,3.291667,1176.324463,356.367798,1203.266479,1016.275391,408.71228,1531.296387,1152.401611,1308.607544,1413.276855,1013.029358,1302.401245,1178.353149,,,,,,,,,,,,,,,,,,,
396,3.3,1177.442017,356.305634,1204.973389,1019.642212,404.699066,1536.458984,1154.951782,1308.084473,1416.813232,1015.385254,1302.089966,1182.064575,,,,,,,,,,,,,,,,,,,
397,3.308333,1178.567505,356.175568,1206.783203,1022.928589,400.688049,1541.403198,1157.4729,1307.588135,1420.300049,1017.384277,1301.748657,1185.839233,,,,,,,,,,,,,,,,,,,
398,3.316667,1179.691528,356.0047,1208.634277,1026.140259,396.470978,1546.188477,1160.052124,1307.060425,1423.799683,1019.563904,1301.280151,1189.664185,,,,,,,,,,,,,,,,,,,
399,3.325,1180.847412,355.843475,1210.461914,1029.184204,392.305664,1550.880981,1162.60791,1306.562256,1427.352905,1021.40332,1300.787476,1193.497925,,,,,,,,,,,,,,,,,,,
400,3.333333,1182.11853,355.703094,1212.431396,1032.197754,388.291901,1555.401001,1165.11792,1306.051514,1430.881592,1023.541199,1300.177734,1197.414551,,,,,,,,,,,,,,,,,,,
401,3.341667,1183.331665,355.512939,1214.454102,1034.889038,384.271027,1559.789429,1167.626099,1305.544189,1434.518921,1025.278198,1299.506226,1201.382202,,,,,,,,,,,,,,,,,,,
402,3.35,1184.510498,355.246582,1216.502563,1037.578613,380.397125,1563.990234,1170.064697,1304.987671,1438.160522,1027.21106,1298.752075,1205.444946,,,,,,,,,,,,,,,,,,,
403,3.358333,1185.710815,354.957031,1218.608887,1039.9823,377.014465,1568.001953,1172.538818,1304.394165,1441.88147,1028.865723,1297.90918,1209.460815,,,,,,,,,,,,,,,,,,,
404,3.366667,1186.950684,354.753235,1220.811523,1042.192749,373.870239,1571.62793,1175.028687,1303.879761,1445.612915,1030.63269,1296.982666,1213.657349,,,,,,,,,,,,,,,,,,,
405,3.375,1188.277466,354.508972,1222.991455,1044.251221,370.875,1574.927002,1177.392456,1303.28418,1449.375488,1032.196045,1295.99939,1217.817505,,,,,,,,,,,,,,,,,,,
406,3.383333,1189.582764,354.216492,1225.225098,1046.005005,368.204376,1577.955444,1179.66272,1302.676514,1453.130127,1033.870361,1294.986816,1222.022095,,,,,,,,,,,,,,,,,,,
407,3.391667,1190.846069,353.86142,1227.635132,1047.552368,365.726044,1580.8125,1181.978638,1302.111816,1456.925049,1035.318848,1293.815308,1226.396729,,,,,,,,,,,,,,,,,,,
408,3.4,1192.167847,353.622131,1230.013794,1049.144775,363.515228,1583.38562,1184.326782,1301.56665,1460.774902,1036.835083,1292.691895,1230.707275,,,,,,,,,,,,,,,,,,,
409,3.408333,1193.506958,353.327026,1232.42334,1050.543945,361.665771,1585.881592,1186.574829,1300.943726,1464.717407,1038.410522,1291.485352,1235.057251,,,,,,,,,,,,,,,,,,,
410,3.416667,1194.792358,353.031982,1234.938721,1051.671631,359.891205,1588.084839,1188.861816,1300.370728,1468.606323,1039.733276,1290.27478,1239.555176,,,,,,,,,,,,,,,,,,,
411,3.425,1196.111206,352.712097,1237.666504,1052.781372,358.322418,1590.094238,1191.059448,1299.83667,1472.551147,1041.176514,1289.122192,1244.068359,,,,,,,,,,,,,,,,,,,
412,3.433333,1197.529053,352.591003,1240.400269,1053.501587,356.79068,1591.721313,1193.209473,1299.344116,1476.511475,1042.550171,1288.063477,1248.586792,,,,,,,,,,,,,,,,,,,
413,3.441667,1198.896362,352.426086,1243.188965,1054.047363,355.400543,1593.184326,1195.396484,1298.913574,1480.49292,1044.098511,1287.000854,1253.102051,,,,,,,,,,,,,,,,,,,
414,3.45,1200.187134,352.22641,1246.025024,1054.454468,354.223694,1594.35498,1197.488892,1298.512939,1484.533203,1045.492676,1286.127197,1257.555176,,,,,,,,,,,,,,,,,,,
415,3.458333,1201.490234,352.324951,1248.846558,1054.846802,353.367493,1595.386963,1199.590942,1298.238403,1488.619507,1047.010742,1285.436768,1262.133301,,,,,,,,,,,,,,,,,,,
416,3.466667,1202.80835,352.480652,1251.790771,1055.35437,352.82962,1596.286133,1201.661377,1298.187988,1492.719604,1048.530273,1285.000977,1266.523071,,,,,,,,,,,,,,,,,,,
417,3.475,1204.003662,352.77536,1254.731812,1055.973389,352.77832,1597.385864,1203.655396,1298.330444,1496.765869,1050.060181,1284.948364,1270.786377,,,,,,,,,,,,,,,,,,,
418,3.483333,1205.468872,353.460052,1257.832886,1056.497314,353.264191,1598.809814,1205.578491,1298.776001,1500.83728,1051.653564,1285.240356,1275.113892,,,,,,,,,,,,,,,,,,,
419,3.491667,1206.926147,354.167786,1260.787842,1056.607422,353.84433,1600.616699,1207.424438,1299.365356,1504.995972,1053.432983,1285.610229,1279.22583,,,,,,,,,,,,,,,,,,,
420,3.5,1208.530151,355.157837,1263.825073,1056.552368,354.209259,1602.58374,1209.271484,1300.305908,1509.125854,1055.239868,1286.102539,1283.413574,,,,,,,,,,,,,,,,,,,
421,3.508333,1210.350586,356.47287,1266.795044,1056.585449,354.677673,1604.34314,1210.971191,1301.363647,1513.30249,1057.169556,1286.665283,1287.419922,,,,,,,,,,,,,,,,,,,
422,3.516667,1212.361206,357.910065,1269.72168,1056.545288,355.108429,1605.986816,1212.741577,1302.591187,1517.507202,1059.056763,1287.262817,1291.515747,,,,,,,,,,,,,,,,,,,
423,3.525,1214.538452,359.514862,1272.680908,1056.502686,355.394348,1607.482178,1214.493408,1303.815918,1521.726563,1061.028931,1287.87146,1295.459351,,,,,,,,,,,,,,,,,,,
424,3.533333,1216.85791,361.456238,1275.799438,1056.453247,355.600708,1609.059692,1216.163452,1305.050537,1525.882935,1062.716919,1288.540283,1299.57312,,,,,,,,,,,,,,,,,,,
425,3.541667,1219.617676,363.457642,1279.308716,1056.577881,355.747925,1610.78125,1217.739746,1306.213013,1530.041382,1064.436768,1289.28186,1303.592896,,,,,,,,,,,,,,,,,,,
426,3.55,1222.67395,365.650299,1283.037598,1056.980469,355.880096,1612.397217,1219.307617,1307.318604,1534.077881,1065.969604,1289.889526,1307.770874,,,,,,,,,,,,,,,,,,,
427,3.558333,1226.15332,367.896027,1287.130005,1057.716187,355.899902,1614.174438,1220.91626,1308.329346,1538.114624,1067.465332,1290.575195,1311.927734,,,,,,,,,,,,,,,,,,,
428,3.566667,1230.129395,370.058563,1291.690308,1058.422363,355.839233,1615.782349,1222.472412,1309.178467,1542.176636,1068.852783,1291.05542,1316.159424,,,,,,,,,,,,,,,,,,,
429,3.575,1234.539185,372.186554,1296.626343,1059.298096,355.594055,1617.413818,1224.063721,1309.908081,1546.205933,1070.03479,1291.484497,1320.494995,,,,,,,,,,,,,,,,,,,
430,3.583333,1239.44165,374.315063,1301.914063,1060.145508,355.338226,1618.895996,1225.702393,1310.529419,1550.230103,1071.150146,1291.774292,1324.862915,,,,,,,,,,,,,,,,,,,
431,3.591667,1244.788818,376.356232,1307.494019,1060.925659,354.907288,1620.303345,1227.288818,1310.85437,1554.191406,1072.093506,1291.940674,1329.191406,,,,,,,,,,,,,,,,,,,
432,3.6,1250.365479,378.421265,1313.307495,1061.832153,354.501617,1621.747314,1228.906982,1311.040527,1558.018311,1072.876709,1292.104004,1333.505615,,,,,,,,,,,,,,,,,,,
433,3.608333,1256.467041,380.582458,1319.360474,1062.577881,354.133575,1623.272095,1230.57373,1310.997681,1561.784668,1073.572144,1292.030884,1337.895264,,,,,,,,,,,,,,,,,,,
434,3.616667,1262.782104,382.767273,1325.373779,1063.304688,353.868866,1624.999634,1232.144897,1310.658447,1565.499756,1073.990112,1292.079468,1341.887695,,,,,,,,,,,,,,,,,,,
435,3.625,1269.321411,384.832458,1331.714233,1063.994995,353.574097,1627.033691,1233.772339,1310.183838,1569.043091,1074.702148,1291.965454,1346.15979,,,,,,,,,,,,,,,,,,,
436,3.633333,1276.195313,386.920563,1338.377441,1064.58728,353.237823,1629.20752,1235.367676,1309.502686,1572.405273,1075.346313,1291.768677,1350.313843,,,,,,,,,,,,,,,,,,,
437,3.641667,1283.158447,388.846191,1345.041504,1065.401123,352.899048,1631.360352,1236.921509,1308.617798,1575.716309,1075.864136,1291.640991,1354.461792,,,,,,,,,,,,,,,,,,,
438,3.65,1290.200928,390.975983,1352.016357,1066.204102,352.681152,1633.410522,1238.511353,1307.66626,1578.86499,1076.450806,1291.631958,1358.469238,,,,,,,,,,,,,,,,,,,
439,3.658333,1297.21814,392.918365,1358.934448,1067.084961,352.429749,1635.49939,1240.113037,1306.644775,1581.918945,1076.897583,1291.651123,1362.337646,,,,,,,,,,,,,,,,,,,
440,3.666667,1304.221558,395.216705,1366.108154,1067.893555,352.243958,1637.24231,1241.768921,1305.79895,1584.811646,1077.425171,1291.725098,1366.050537,,,,,,,,,,,,,,,,,,,
441,3.675,1310.829346,397.269379,1373.474609,1068.947021,352.029175,1638.941528,1243.369629,1304.896851,1587.611816,1077.959473,1291.941895,1369.728638,,,,,,,,,,,,,,,,,,,
442,3.683333,1317.507935,399.894745,1380.612671,1069.917114,351.937378,1640.352539,1245.063721,1304.115356,1590.263428,1078.483398,1292.153076,1373.240112,,,,,,,,,,,,,,,,,,,
443,3.691667,1323.732422,402.478394,1387.666504,1071.01355,351.932953,1641.721802,1246.743896,1303.504883,1592.762329,1079.130371,1292.358765,1376.673828,,,,,,,,,,,,,,,,,,,
444,3.7,1329.621094,405.27301,1394.547607,1072.057617,351.820557,1642.953247,1248.632446,1303.25061,1595.137207,1079.688965,1292.670532,1380.140747,,,,,,,,,,,,,,,,,,,
445,3.708333,1334.973633,408.094025,1401.157593,1073.084717,351.888977,1644.085449,1250.476318,1303.182495,1597.438232,1080.289185,1292.996094,1383.412476,,,,,,,,,,,,,,,,,,,
446,3.716667,1339.857666,411.012817,1407.55957,1074.118896,352.025696,1645.302124,1252.382813,1303.363403,1599.555664,1080.804443,1293.386597,1386.681519,,,,,,,,,,,,,,,,,,,
447,3.725,1344.2052,413.732452,1413.849976,1075.127563,352.255249,1646.400391,1254.314941,1303.731812,1601.59729,1081.458008,1293.903076,1389.81897,,,,,,,,,,,,,,,,,,,
448,3.733333,1348.296021,416.554504,1420.078491,1076.290283,352.490326,1647.526001,1256.223511,1304.28125,1603.618774,1082.04126,1294.516724,1392.941772,,,,,,,,,,,,,,,,,,,
449,3.741667,1352.067261,419.203888,1426.177856,1077.284668,352.643768,1648.493652,1258.171265,1305.0177,1605.577881,1082.855347,1295.252808,1395.916016,,,,,,,,,,,,,,,,,,,
450,3.75,1355.499146,421.480408,1432.174561,1078.397705,352.839844,1649.358643,1260.166748,1305.820435,1607.454712,1083.460205,1296.022827,1398.924316,,,,,,,,,,,,,,,,,,,
451,3.758333,1358.796753,423.615143,1437.965942,1079.641968,353.048218,1650.298462,1262.088989,1306.723633,1609.312988,1084.21936,1296.707031,1401.78186,,,,,,,,,,,,,,,,,,,
452,3.766667,1361.811523,425.484955,1443.546387,1080.709229,353.345123,1651.091309,1263.980591,1307.623535,1611.123779,1084.940063,1297.533936,1404.640015,,,,,,,,,,,,,,,,,,,
453,3.775,1364.544678,426.935028,1448.870972,1081.844238,353.575806,1651.8302,1265.920166,1308.587769,1613.011108,1085.74231,1298.281616,1407.387939,,,,,,,,,,,,,,,,,,,
454,3.783333,1367.135132,428.039459,1453.707031,1082.974609,353.774872,1652.627563,1267.822266,1309.501465,1614.76062,1086.502197,1298.914063,1410.170898,,,,,,,,,,,,,,,,,,,
455,3.791667,1369.427979,428.780487,1458.501831,1084.002686,353.936462,1653.417725,1269.615967,1310.297974,1616.541138,1087.186157,1299.551636,1412.958252,,,,,,,,,,,,,,,,,,,
456,3.8,1371.400391,428.882813,1462.970215,1085.102417,354.058319,1654.281128,1271.36377,1311.057617,1618.296631,1088.08667,1300.075439,1415.522217,,,,,,,,,,,,,,,,,,,
457,3.808333,1373.333496,428.831482,1467.0896,1086.126221,354.183929,1655.168823,1273.161255,1311.72583,1620.085815,1088.885132,1300.600952,1418.170898,,,,,,,,,,,,,,,,,,,
458,3.816667,1375.072876,428.03891,1470.803345,1087.050293,354.262024,1656.062988,1274.865112,1312.205322,1621.766602,1089.702393,1300.935181,1420.763672,,,,,,,,,,,,,,,,,,,
459,3.825,1376.773682,426.798737,1474.11084,1087.993652,354.335541,1656.994385,1276.547241,1312.593506,1623.431641,1090.601074,1301.228394,1423.282593,,,,,,,,,,,,,,,,,,,
460,3.833333,1378.44104,425.227325,1477.094482,1088.95813,354.393311,1657.888306,1278.266357,1312.891235,1625.229492,1091.462402,1301.493774,1425.762085,,,,,,,,,,,,,,,,,,,
461,3.841667,1379.910034,423.179871,1479.833984,1089.775391,354.362579,1658.623657,1279.827271,1313.038818,1626.935425,1092.414673,1301.691284,1428.096191,,,,,,,,,,,,,,,,,,,
462,3.85,1381.269165,420.73941,1482.309692,1090.546387,354.346863,1659.344971,1281.396606,1313.110352,1628.645264,1093.427124,1301.781494,1430.364746,,,,,,,,,,,,,,,,,,,
463,3.858333,1382.618652,417.748169,1484.572388,1091.344971,354.289429,1660.05188,1282.999023,1313.141113,1630.411255,1094.485596,1301.848999,1432.528687,,,,,,,,,,,,,,,,,,,
464,3.866667,1383.879761,414.587402,1486.585327,1092.169312,354.174316,1660.826416,1284.476685,1313.016968,1632.051025,1095.59314,1301.831543,1434.636963,,,,,,,,,,,,,,,,,,,
465,3.875,1385.107666,411.146362,1488.433228,1092.833008,354.126587,1661.519165,1285.969971,1312.955322,1633.738037,1096.742432,1301.772583,1436.609863,,,,,,,,,,,,,,,,,,,
466,3.883333,1386.209595,407.524506,1490.173218,1093.475952,354.130066,1662.221313,1287.386597,1312.800049,1635.354004,1097.984375,1301.711548,1438.560181,,,,,,,,,,,,,,,,,,,
467,3.891667,1387.207764,403.654022,1491.73291,1094.260498,354.148987,1663.07251,1288.842041,1312.686646,1636.968506,1099.328125,1301.61438,1440.317261,,,,,,,,,,,,,,,,,,,
468,3.9,1388.072998,399.843567,1493.264648,1094.923828,354.083801,1663.838257,1290.207764,1312.495361,1638.579346,1100.662842,1301.351074,1442.026733,,,,,,,,,,,,,,,,,,,
469,3.908333,1388.700684,395.983521,1494.550171,1095.432861,354.035065,1664.522461,1291.505615,1312.356323,1640.128296,1102.087036,1301.048096,1443.68396,,,,,,,,,,,,,,,,,,,
470,3.916667,1389.181274,392.180664,1495.625366,1095.998779,353.95578,1665.306396,1292.879272,1312.234497,1641.629272,1103.438721,1300.709595,1445.119019,,,,,,,,,,,,,,,,,,,
471,3.925,1389.362549,388.408203,1496.828735,1096.648804,353.878815,1666.119751,1294.126099,1312.07373,1643.048706,1104.95752,1300.261719,1446.588257,,,,,,,,,,,,,,,,,,,
472,3.933333,1389.364258,384.830139,1497.598877,1097.351318,353.805756,1666.881226,1295.487915,1312.006348,1644.494995,1106.498169,1299.783691,1447.807251,,,,,,,,,,,,,,,,,,,
473,3.941667,1389.115112,381.318024,1497.971436,1098.095703,353.6987,1667.651978,1296.706787,1311.854126,1645.829834,1108.090698,1299.244629,1449.001709,,,,,,,,,,,,,,,,,,,
474,3.95,1388.597168,378.099487,1498.09668,1098.824707,353.648407,1668.413818,1298.087769,1311.813965,1647.145996,1109.74231,1298.630615,1450.009155,,,,,,,,,,,,,,,,,,,
475,3.958333,1387.844971,375.067291,1498.070313,1099.598267,353.600616,1669.221069,1299.291626,1311.700562,1648.362915,1111.515259,1297.910522,1451.035522,,,,,,,,,,,,,,,,,,,
476,3.966667,1386.775024,372.187927,1497.822266,1100.381348,353.548401,1670.019043,1300.624146,1311.618774,1649.520264,1113.242188,1297.20813,1451.80835,,,,,,,,,,,,,,,,,,,
477,3.975,1385.554199,369.599762,1497.3302,1101.081787,353.496246,1670.792725,1301.917969,1311.574829,1650.682617,1115.076294,1296.42334,1452.649536,,,,,,,,,,,,,,,,,,,
478,3.983333,1384.065308,367.361816,1496.627808,1101.706299,353.525513,1671.447632,1303.165894,1311.466309,1651.731079,1116.900757,1295.563599,1453.36084,,,,,,,,,,,,,,,,,,,
479,3.991667,1382.164307,364.956268,1495.810059,1102.36853,353.564209,1672.139771,1304.480713,1311.400146,1652.777344,1118.812256,1294.694702,1453.987061,,,,,,,,,,,,,,,,,,,
480,4,1380.165283,363.028412,1495.262329,1103.053467,353.627563,1672.728027,1305.75293,1311.287231,1653.717041,1120.713867,1293.770264,1454.606323,,,,,,,,,,,,,,,,,,,
481,4.008333,1378.220703,361.632141,1494.587524,1103.705688,353.766418,1673.235718,1307.115723,1311.27771,1654.659058,1122.769531,1292.938721,1455.14624,,,,,,,,,,,,,,,,,,,
482,4.016667,1376.717529,361.163422,1494.315552,1104.341309,353.943207,1673.590454,1308.482666,1311.251709,1655.463379,1124.748291,1292.211304,1455.596069,,,,,,,,,,,,,,,,,,,
483,4.025,1375.88269,361.156433,1494.40686,1105.135864,354.101593,1673.917114,1309.752563,1311.253418,1656.247314,1126.671143,1291.623291,1456.110229,,,,,,,,,,,,,,,,,,,
484,4.033333,1375.873901,361.404449,1494.857788,1106.083862,354.30545,1674.219482,1311.138672,1311.329468,1656.947876,1128.525513,1291.274658,1456.634888,,,,,,,,,,,,,,,,,,,
485,4.041667,1376.788574,361.551117,1495.618896,1106.984985,354.560547,1674.450195,1312.519653,1311.557861,1657.564819,1130.254883,1291.085327,1457.094604,,,,,,,,,,,,,,,,,,,
486,4.05,1378.529297,361.541931,1496.630981,1107.814941,354.919891,1674.714355,1313.939819,1311.831421,1658.187622,1131.992065,1291.041138,1457.528564,,,,,,,,,,,,,,,,,,,
487,4.058333,1380.43335,361.403595,1498.042236,1108.680054,355.287201,1674.98291,1315.434204,1312.24939,1658.730591,1133.551758,1291.031738,1458.026123,,,,,,,,,,,,,,,,,,,
488,4.066667,1382.185791,361.22226,1499.116577,1109.461426,355.665771,1675.270264,1316.992554,1312.689331,1659.220093,1135.03125,1291.015869,1458.610596,,,,,,,,,,,,,,,,,,,
489,4.075,1383.515381,361.203613,1499.956421,1110.108276,355.981842,1675.502197,1318.54834,1313.214111,1659.745605,1136.426514,1290.924805,1459.311401,,,,,,,,,,,,,,,,,,,
490,4.083333,1384.302002,361.197601,1500.214844,1110.643921,356.283844,1675.686646,1320.159302,1313.577393,1660.146851,1137.744141,1290.823608,1460.054199,,,,,,,,,,,,,,,,,,,
491,4.091667,1384.659668,361.155579,1499.980835,1111.089111,356.584534,1675.779663,1321.788696,1313.969116,1660.598999,1139.096191,1290.733154,1460.846313,,,,,,,,,,,,,,,,,,,
492,4.1,1384.557861,361.029358,1499.382446,1111.524536,356.909607,1675.797607,1323.42627,1314.26123,1660.984863,1140.535522,1290.6698,1461.535889,,,,,,,,,,,,,,,,,,,
493,4.108333,1384.065308,360.807373,1498.553467,1111.921753,357.207642,1675.773926,1325.034912,1314.485229,1661.403931,1142.019775,1290.651489,1462.126709,,,,,,,,,,,,,,,,,,,
494,4.116667,1383.320801,360.580994,1497.588501,1112.292114,357.425629,1675.65564,1326.699829,1314.64856,1661.782471,1143.557251,1290.607178,1462.702148,,,,,,,,,,,,,,,,,,,
495,4.125,1382.472412,360.340179,1496.590332,1112.627075,357.622131,1675.464478,1328.211792,1314.730225,1662.239014,1145.062134,1290.549805,1463.262207,,,,,,,,,,,,,,,,,,,
496,4.133333,1381.80249,360.218842,1495.735474,1112.887451,357.786865,1675.22168,1329.779297,1314.794312,1662.688843,1146.584595,1290.45813,1463.807983,,,,,,,,,,,,,,,,,,,
497,4.141667,1381.213623,360.093048,1494.86438,1113.10022,357.93219,1674.955444,1331.302246,1314.836548,1663.187988,1148.109375,1290.341675,1464.326416,,,,,,,,,,,,,,,,,,,
498,4.15,1380.92627,360.084381,1494.103149,1113.331299,358.074188,1674.675171,1332.732422,1314.837524,1663.707886,1149.575195,1290.226807,1464.792114,,,,,,,,,,,,,,,,,,,
499,4.158333,1380.834473,360.094727,1493.375977,1113.571167,358.227875,1674.436523,1334.192505,1314.894775,1664.21814,1151.127563,1290.138184,1465.290527,,,,,,,,,,,,,,,,,,,
500,4.166667,1380.889893,360.08374,1492.704224,1113.804932,358.367981,1674.225586,1335.56958,1314.919922,1664.776855,1152.694458,1290.11499,1465.695801,,,,,,,,,,,,,,,,,,,
501,4.175,1380.974854,360.053314,1491.991577,1114.069092,358.540161,1674.107178,1336.877563,1314.954102,1665.343018,1154.223389,1290.151489,1466.067505,,,,,,,,,,,,,,,,,,,
502,4.183333,1380.987061,359.969208,1491.26123,1114.359863,358.696899,1674.028687,1338.218994,1314.953613,1665.880493,1155.729126,1290.205078,1466.497559,,,,,,,,,,,,,,,,,,,
503,4.191667,1380.865479,359.879303,1490.479858,1114.685791,358.871857,1673.960693,1339.389771,1314.98291,1666.469116,1157.124268,1290.293457,1466.891235,,,,,,,,,,,,,,,,,,,
504,4.2,1380.603394,359.835754,1489.630005,1114.994019,359.018005,1673.900391,1340.591431,1315.024902,1667.048828,1158.568726,1290.388428,1467.258423,,,,,,,,,,,,,,,,,,,
505,4.208333,1380.286621,359.804535,1488.781616,1115.320801,359.15625,1673.844727,1341.723145,1315.011353,1667.666138,1160.094482,1290.52478,1467.63916,,,,,,,,,,,,,,,,,,,
506,4.216667,1379.897461,359.804321,1487.938477,1115.620483,359.28653,1673.804199,1342.819946,1314.979614,1668.268555,1161.557495,1290.713013,1467.87085,,,,,,,,,,,,,,,,,,,
507,4.225,1379.463257,359.791321,1487.032593,1115.938721,359.409119,1673.734009,1343.8479,1314.968262,1668.908936,1163.047119,1290.847656,1468.167969,,,,,,,,,,,,,,,,,,,
508,4.233333,1379.114868,359.797699,1486.165649,1116.261108,359.528229,1673.693237,1344.798218,1314.924561,1669.556152,1164.506226,1291.007568,1468.460327,,,,,,,,,,,,,,,,,,,
509,4.241667,1378.851318,359.810211,1485.428467,1116.583496,359.627136,1673.670532,1345.744507,1314.857422,1670.215942,1165.87439,1291.15686,1468.685425,,,,,,,,,,,,,,,,,,,
510,4.25,1378.637817,359.747467,1484.639038,1116.904053,359.689392,1673.654785,1346.653076,1314.819458,1670.88916,1167.425903,1291.36792,1468.874878,,,,,,,,,,,,,,,,,,,
511,4.258333,1378.459229,359.734375,1483.857666,1117.19165,359.73349,1673.673462,1347.549072,1314.723999,1671.578247,1168.883789,1291.638428,1469.007446,,,,,,,,,,,,,,,,,,,
512,4.266667,1378.300415,359.687775,1483.069458,1117.525757,359.773376,1673.723511,1348.373169,1314.645508,1672.333252,1170.270874,1291.852173,1469.132446,,,,,,,,,,,,,,,,,,,
513,4.275,1378.182373,359.59906,1482.292236,1117.851685,359.767517,1673.776123,1349.038086,1314.512451,1673.024414,1171.713745,1292.04834,1469.267822,,,,,,,,,,,,,,,,,,,
514,4.283333,1378.071777,359.550781,1481.537598,1118.174561,359.737335,1673.862305,1349.779541,1314.390991,1673.7948,1173.114258,1292.291626,1469.3479,,,,,,,,,,,,,,,,,,,
515,4.291667,1377.93689,359.50708,1480.800171,1118.505493,359.730988,1673.961548,1350.455078,1314.268921,1674.577759,1174.615723,1292.549316,1469.404541,,,,,,,,,,,,,,,,,,,
516,4.3,1377.77832,359.433167,1480.090454,1118.807495,359.731567,1674.069946,1351.037598,1314.144775,1675.331909,1175.992554,1292.730957,1469.460693,,,,,,,,,,,,,,,,,,,
517,4.308333,1377.574341,359.330017,1479.375244,1119.088013,359.699707,1674.166016,1351.51355,1313.893433,1676.111938,1177.405029,1292.886475,1469.530396,,,,,,,,,,,,,,,,,,,
518,4.316667,1377.371704,359.220764,1478.651733,1119.351685,359.67572,1674.258545,1352.034546,1313.713135,1676.929688,1178.882446,1292.991699,1469.480957,,,,,,,,,,,,,,,,,,,
519,4.325,1377.204346,359.167938,1478.042358,1119.606934,359.684235,1674.338257,1352.524292,1313.530518,1677.719604,1180.397705,1293.243896,1469.392334,,,,,,,,,,,,,,,,,,,
520,4.333333,1377.031616,359.14856,1477.476196,1119.829346,359.667206,1674.385864,1352.95105,1313.335327,1678.565918,1181.908447,1293.396606,1469.273804,,,,,,,,,,,,,,,,,,,
521,4.341667,1376.799316,359.149292,1476.856812,1120.033569,359.664368,1674.410156,1353.294556,1313.161743,1679.375122,1183.380981,1293.537231,1469.200073,,,,,,,,,,,,,,,,,,,
522,4.35,1376.53125,359.209229,1476.236206,1120.22644,359.683075,1674.44043,1353.623779,1313.00769,1680.201904,1184.863403,1293.687134,1469.066772,,,,,,,,,,,,,,,,,,,
523,4.358333,1376.262817,359.270966,1475.688843,1120.362793,359.712128,1674.405884,1353.928589,1312.894043,1681.040527,1186.4375,1293.845215,1468.884644,,,,,,,,,,,,,,,,,,,
524,4.366667,1376.01123,359.299225,1475.191772,1120.485962,359.741913,1674.381104,1354.136841,1312.75354,1681.918701,1187.994995,1293.990845,1468.67627,,,,,,,,,,,,,,,,,,,
525,4.375,1375.760986,359.314026,1474.652588,1120.56311,359.768616,1674.346436,1354.352295,1312.675537,1682.744995,1189.557495,1294.098511,1468.500366,,,,,,,,,,,,,,,,,,,
526,4.383333,1375.592529,359.314606,1474.189941,1120.604858,359.806396,1674.263306,1354.518066,1312.580933,1683.508057,1191.081299,1294.207642,1468.327515,,,,,,,,,,,,,,,,,,,
527,4.391667,1375.471924,359.333588,1473.785278,1120.600342,359.85257,1674.174805,1354.715576,1312.525879,1684.324951,1192.66394,1294.328369,1468.117554,,,,,,,,,,,,,,,,,,,
528,4.4,1375.40625,359.351868,1473.430664,1120.580444,359.883301,1674.059082,1354.865112,1312.459229,1685.177612,1194.15686,1294.43811,1467.870117,,,,,,,,,,,,,,,,,,,
529,4.408333,1375.354736,359.370361,1473.095825,1120.527832,359.916412,1673.915771,1355.021484,1312.43396,1685.976685,1195.674683,1294.480347,1467.639526,,,,,,,,,,,,,,,,,,,
530,4.416667,1375.341675,359.369995,1472.825073,1120.455688,359.962585,1673.751343,1355.13208,1312.42749,1686.77771,1197.082642,1294.517578,1467.483521,,,,,,,,,,,,,,,,,,,
531,4.425,1375.37561,359.370697,1472.623291,1120.355713,359.98996,1673.581909,1355.138184,1312.30896,1687.594604,1198.536499,1294.537598,1467.236816,,,,,,,,,,,,,,,,,,,
532,4.433333,1375.44043,359.340576,1472.468018,1120.239502,360.02771,1673.393555,1355.172363,1312.207642,1688.304932,1200.01709,1294.570923,1466.973511,,,,,,,,,,,,,,,,,,,
533,4.441667,1375.554199,359.350342,1472.367065,1120.142944,360.078827,1673.209106,1355.269775,1312.143433,1689.049561,1201.34729,1294.632568,1466.73291,,,,,,,,,,,,,,,,,,,
534,4.45,1375.671875,359.354736,1472.3302,1120.012451,360.114685,1673.023804,1355.287354,1312.0979,1689.766479,1202.58606,1294.696045,1466.526611,,,,,,,,,,,,,,,,,,,
535,4.458333,1375.815552,359.348572,1472.338257,1119.873657,360.157928,1672.850342,1355.266968,1311.992432,1690.474243,1203.892212,1294.689087,1466.215698,,,,,,,,,,,,,,,,,,,
536,4.466667,1375.987427,359.375031,1472.406494,1119.749146,360.1987,1672.644409,1355.223389,1311.892944,1691.189575,1205.175049,1294.692749,1465.935791,,,,,,,,,,,,,,,,,,,
537,4.475,1376.140625,359.385712,1472.498291,1119.60376,360.241547,1672.454224,1355.182983,1311.853027,1691.871582,1206.652222,1294.535278,1465.955322,,,,,,,,,,,,,,,,,,,
538,4.483333,1376.316284,359.424042,1472.658691,1119.44812,360.269775,1672.241699,1355.112427,1311.789673,1692.451172,1207.81665,1294.540894,1465.807495,,,,,,,,,,,,,,,,,,,
